ztfname,redshift,redshift_err,source,t0,x0,x1,c,t0_err,x0_err,x1_err,c_err,cov_t0_x0,cov_t0_x1,cov_t0_c,cov_x0_x1,cov_x0_c,cov_x1_c,mwebv,mwr_v,mwebv_err,fitprob,ra,dec,sn_type,sub_type,lccoverage_flag,fitquality_flag,iau_name,frac_fitted,mass,mass_err,void_id,r_Rv,env,mB,mu_raw,mu_cosmo,sig2,hr_blind,hiM
ZTF17aadlxmv,0.06201943,1.281e-05,z_gal,58878.08527692311,0.0011256161679871,0.4599662001239373,0.0620735392009159,0.2192797805473674,3.6800816899900616e-05,0.1385185754747672,0.0306927240680974,-1.0240764001517148e-06,-0.0205204427381112,0.0009419947807036,-2.352974755908369e-07,-9.774326746660075e-07,-0.0001376858365454,0.0333346510424899,3.1,0.0,0.178353086631313,127.448018,33.906536,snia-cosmo,norm,1.0,1.0,2020adv,100.0,10.424,0.116619037896906,ZTF17aadlxmv,1.3855960464486397,wall,18.006524193657086,17.878491490151596,37.29372052490104,0.004285035883674402,-0.21438613033534237,True
ZTF18aahfbqp,0.04114499,1.344e-05,z_gal,59208.83655494514,0.0030866571273509,-1.9694488263602163,-0.1123398922970642,0.2042670864066167,0.0001708947602918,0.2787684381615879,0.0563684127418364,-7.934379593553722e-07,0.0012203384956223,0.0007467471580415,-2.549276938393843e-05,-7.38573680693579e-06,0.0037578712688779,0.0198286171317553,3.1,0.0,0.6495781866120017,156.678658,21.724132,snia-cosmo,norm,1.0,1.0,2020acua,100.0,10.879,0.136561341528267,ZTF18aahfbqp,1.5509716388123833,wall,16.911279025557548,16.983809855988017,36.37046784262762,0.0066385107821517655,-0.1858150822254997,True
ZTF18aahtjsc,0.05287786,1.069e-05,z_gal,58576.411072420175,0.000686000456873,-0.0159802818086023,0.247028161352534,0.1748589491253369,2.4904055234212566e-05,0.1700803562535707,0.032269635421155,-8.306886716273166e-07,0.0003061261583838,0.0006027718262849,-9.503445055068091e-07,-6.692710380580258e-07,-1.8440027210829787e-05,0.0146561097870642,3.1,0.0,0.0020689694893094,169.205149,46.910989,snia-cosmo,norm,1.0,1.0,2019cdd,100.0,10.415,0.159298462013919,ZTF18aahtjsc,1.3575024022567987,wall,18.544188987637796,17.776164447991736,36.933470990136435,0.004578602716131875,0.04353636226940283,True
ZTF18aahvndq,0.01543852,1.82e-05,z_gal,58991.683403291456,0.0122259481554451,-0.9561970592056992,0.0910042694301518,0.1774845210384228,0.0004258181304061,0.0873890821588545,0.0320240045446937,-6.653134787159847e-07,-0.0070071150570842,-0.0001589554634635,-4.697855436072814e-06,-1.14510467983714e-05,-0.0001800902400138,0.01092468090766,3.1,0.0,0.9724669376219416,198.722696,27.008415,snia-cosmo,norm,1.0,1.0,2020jhf,100.0,10.09,0.1026109155986827,ZTF18aahvndq,1.0204787745575914,wall,15.416793625457665,15.000812801935396,34.200878077595526,0.004454986172253585,0.0007776287539721372,True
ZTF18aaiykoz,0.03065642,1.249e-05,z_gal,59024.62485895476,0.0064765825188536,0.9270401028550068,-0.0477634820991019,0.0398847087017202,0.0001906050606757,0.033252838433477,0.0260851847404476,1.6027467756628351e-06,-0.000321873987882,-0.0002584785015276,1.113794247635366e-06,-4.321921663398398e-06,-0.000236099356889,0.0135489262519351,3.1,0.0,0.9999982224215656,239.497841,40.033895,snia-cosmo,norm,1.0,1.0,2020mcc,100.0,9.939,0.105304320899002,ZTF18aaiykoz,1.5434487582705954,wall,16.106635241772274,16.38448765067919,35.71493599356653,0.004045999872417326,-0.1296054384732349,False
ZTF18aaizerg,0.06846052,1.46e-05,z_gal,58852.8083168791,0.000678002551911,-1.2065207337884964,0.0732680739116801,0.1647405230287404,2.136896049855907e-05,0.0835256701161724,0.0272320652847698,-1.7519126733314021e-07,-0.0068734637350371,-0.0002347348060789,-1.4072654262349668e-07,-4.987986522448669e-07,-3.702345508718609e-06,0.0229995856517812,3.1,0.0,0.0395200347052349,219.698213,50.102776,snia-cosmo,norm,1.0,1.0,2019zbj,100.0,10.287,0.1033247308247159,ZTF18aaizerg,1.4687207315149213,wall,18.55692167875867,18.16087774690207,37.51802184657013,0.004195988892224762,-0.1563011952539567,True
ZTF18aajivpr,0.05145185,1.194e-05,z_gal,58954.45430807741,0.0005371021985762,-0.6777520742560432,0.3725231920964031,0.1753034430730622,1.951605329642307e-05,0.1022954022933377,0.0311023559647745,-7.741893941698617e-07,-0.0051648974862336,0.0008527528138048,-2.128988422040072e-07,-5.333098216392595e-07,-2.456592130909385e-05,0.0191887160496452,3.1,0.0,0.3844181367485987,179.195463,52.483881,snia-cosmo,norm,1.0,1.0,2020gaa,100.0,10.204,0.1226417547167358,ZTF18aajivpr,2.105422514340928,wall,18.809857674695408,17.560150488800712,36.87190898673663,0.004581391214422361,-0.1109155935218139,True
ZTF18aakiwbs,0.06830079,0.00538516,z_snid,58948.02096283895,0.0008212244310821,-1.351815128638592,0.0788884736012558,0.0864835932370624,2.5962258390115327e-05,0.0707647646315696,0.0273265183522581,-1.5888952249480108e-09,-0.0021766864602823,-0.0001020910093886,-3.0530625046284445e-07,-6.143749253097274e-07,9.192297473197851e-05,0.0111255617328307,3.1,0.0,0.4087213358896656,229.402547,57.185096,snia-cosmo,norm,1.0,1.0,2020fqi,100.0,10.444,0.1238103388251562,ZTF18aakiwbs,1.015411864431501,wall,18.348845347576813,17.91503696140352,37.512709094047736,0.004203175137758179,-0.3968292282301148,True
ZTF18aaklpdo,0.04499953,1.134e-05,z_gal,58434.74962481384,0.0022238432862521,-0.9339476769636802,-0.1574651524018638,0.1331791302109195,7.10584277671027e-05,0.1251145170605265,0.0334361312100955,1.7804940402094317e-07,-0.0003720120968129,-0.0006616734772205,-1.0735817179501853e-06,-1.858681382299583e-06,-0.000441836864187,0.0181938154769243,3.1,0.0,4.634773722615129e-07,177.450738,25.650593,snia-cosmo,norm,1.0,1.0,2018hvf,100.0,10.659,0.1358823020117042,ZTF18aaklpdo,1.3782160640667265,wall,17.26723955162106,17.624628849291923,36.57094275397442,0.004228570319777053,0.25452899973160414,True
ZTF18aaqcqvr,0.07114603,0.00048799,z_nonSEDm,58256.21172754718,0.0008400040553581,0.6028162323707056,-0.0200623686745746,0.0591726176426163,2.556176216829176e-05,0.0862970171356077,0.027160390514031,1.7020796459486974e-07,0.001116763298296,-0.0001964499466386,-3.734993487175032e-07,-5.981968859705914e-07,0.0001458260719635,0.0280422189538361,3.1,0.0,0.0005904990445395,193.852759,45.578474,snia-cosmo,norm,1.0,1.0,2018bvg,100.0,9.478,0.1066255128944288,ZTF18aaqcqvr,1.0737112117299725,wall,18.324296543132817,18.470884158555897,37.605608042714074,0.004116609870537702,0.06611902025592487,False
ZTF18aaqedfj,0.06232362,2.382e-05,z_gal,58242.28836482328,0.0012830617175788,-0.3802451599726217,-0.1592438953649088,0.1563720454032591,4.317879057128471e-05,0.110514851903906,0.031069485657323,9.168341906526184e-07,-0.0029997119037996,-0.0010830210037265,-1.1735909488932128e-06,-1.0552138875097768e-06,-0.0004065482406162,0.0125843762936386,3.1,0.0,0.1779199638598338,206.355047,26.424246,snia-cosmo,norm,1.0,1.0,2018bff,100.0,9.682,0.1209297316626478,ZTF18aaqedfj,2.128708287451984,wall,17.864381131940213,18.304802885175263,37.304807028290895,0.004360040660207594,0.20083876129847,False
ZTF18aaqskoy,0.08608382,1.118e-05,z_gal,58255.06816909655,0.0008278880499768,1.0675247771883958,-0.1119239853287297,0.0758216741633077,2.4523893306833272e-05,0.071752909998456,0.0286233601564533,2.505742198554059e-07,-0.0007929724730892,-0.0003589853920632,-1.613681865221406e-08,-5.914007149181602e-07,-0.0002767974847523,0.0205192279781266,3.1,0.0,0.999883797984074,255.907767,36.429186,snia-cosmo,norm,1.0,1.0,2018bhv,100.0,8.656,0.1203702621082134,ZTF18aaqskoy,1.9143684810954458,wall,18.340070965297503,18.83648878862294,38.04161638671779,0.004059389844945704,-0.00428469368074913,False
ZTF18aarlukc,0.06258247,2.021e-05,z_gal,58643.38249767812,0.0010626473453771,-0.4528993986031556,-0.0022412674382437,0.0733078855228086,3.340725806814872e-05,0.1038481363001933,0.0274873784580035,1.6391600536926337e-07,0.0024502255703139,-8.129330075926513e-05,-8.019307233597169e-07,-7.77789421498909e-07,0.000298742291326,0.0100251132746022,3.1,0.0,0.0150166126329719,172.86865,62.1698,snia-cosmo,norm,1.0,1.0,2019ger,100.0,10.341,0.1442775103749714,ZTF18aarlukc,1.4244908835577452,wall,18.069027095905827,18.01256910915994,37.31420015116949,0.004190069895636054,-0.10078813759544458,True
ZTF18aauizcr,0.03391415,1.397e-05,z_gal,58266.11375089269,0.0033919635849725,-1.824638692179837,-0.0667180229827759,0.0961287724348949,0.0001143356362082,0.1109014085842013,0.0305574491185314,-1.136058833472194e-06,-0.0008205566911202,0.0003923856960112,-2.3539586710580323e-06,-2.9961001541799097e-06,0.0002065878606544,0.015826338486903,3.1,0.0,0.0905583026664804,173.61612,46.36262,snia-cosmo,norm,1.0,1.0,2018btb,100.0,10.518,0.1232233744059949,ZTF18aauizcr,1.4672846369778214,wall,16.8088720470896,16.76024850143103,35.939402597823076,0.004364397558640922,0.021688808022055084,True
ZTF18aaunfqq,0.07108031,1.013e-05,z_gal,58267.91602744148,0.000663542523023,-0.8257374334610608,0.0183505603039608,0.0581879096462216,2.0221341433931484e-05,0.0638840945126314,0.0272007091854116,-7.898846271448248e-08,0.0005196961764184,9.059721083826324e-06,-1.780678509950087e-07,-4.750010333612445e-07,4.2823745337174513e-05,0.0084971733389438,3.1,0.0,0.3097444659992364,238.579977,39.453963,snia-cosmo,norm,1.0,1.0,2018lpb,100.0,9.798,0.1033247308247159,ZTF18aaunfqq,1.5841356590723052,wall,18.580328100527552,18.407838122900724,37.60350272453321,0.004119790562156253,0.005178302781618682,False
ZTF18aavrwhu,0.06204655,1.038e-05,z_gal,58276.05380331537,0.0012718607672452,0.5660006329460678,-0.0494845835389667,0.0738350881147198,3.7541034060784885e-05,0.0832914831532399,0.0267601688500357,3.945093555596556e-08,-0.0007735046812047,-3.942537926889203e-05,-2.1710861761610657e-07,-8.64848229312959e-07,2.530180729560533e-05,0.0109347484212058,3.1,0.0,0.970149597322728,206.735223,43.137277,snia-cosmo,norm,1.0,1.0,2018bxo,100.0,9.956,0.1046947945219818,ZTF18aavrwhu,1.5044052732607571,wall,17.87390107259707,18.10654337018032,37.294711061750135,0.0040520272339349414,0.01267521284428541,False
ZTF18aavsilo,0.04583326,1.412e-05,z_gal,58987.96606162047,0.0010372642346658,-1.5947964833348096,0.2396411429808731,0.1763008843699935,4.1488122572045294e-05,0.2443856523849372,0.0417281936387452,8.365268211228549e-08,0.015818746540968,-0.001453212534008,-2.9538098229245943e-06,-1.2817410825895645e-06,-0.0004969904748361,0.0246444708686859,3.1,0.0,0.0895830408540546,216.387686,15.958475,snia-cosmo,norm,1.0,1.0,2020jje,100.0,10.837,0.1118033988749895,ZTF18aavsilo,1.0064166938978916,wall,18.095276491285098,17.12911744037752,36.6121042166031,0.004910894517520098,-0.28214387181147826,True
ZTF18aaxcfbt,0.06809299,1.614e-05,z_gal,58277.80748090618,0.0010366367817664,-0.1373274536475133,-0.0024806584179385,0.1377252966449305,3.144620140998447e-05,0.1853866095821318,0.0280890084222459,-5.369031157725109e-08,0.002780095877306,-0.000114276925911,-8.160767651801623e-07,-7.447273905443421e-07,0.0003863659925126,0.0105734326061689,3.1,0.0,0.4974662453316705,164.612929,51.695825,snia-cosmo,norm,1.0,1.0,2018ced,100.0,9.91,0.1049952379872535,ZTF18aaxcfbt,1.4683502149425172,wall,18.095933464154147,18.084397661739107,37.50577962657614,0.004109755334884739,-0.22053906042293348,False
ZTF18aaxcntm,0.02679529,1.227e-05,z_gal,58279.11112226608,0.0032157736196717,-1.439942165410152,0.0408644953384819,0.0425006883779133,9.774407291715612e-05,0.034730623517841,0.0272238125998844,4.377523639745545e-07,-0.0001902141027622,-0.0001488471208833,-4.7306247113788e-08,-2.312699826550628e-06,-4.734039533479623e-05,0.0080875962144499,3.1,0.0,0.0638444334558513,247.046403,39.820114,snia-cosmo,norm,1.0,1.0,2018ccl,100.0,10.773,0.1293213052826177,ZTF18aaxcntm,1.2102801394465283,wall,16.866786329525905,16.53851449081919,35.4164623149978,0.0041140769517249145,0.32289508023548963,True
ZTF18aaxdrjn,0.03388557,1.34e-05,z_gal,58279.18727019683,0.002995376137683,-2.0323214406771664,-0.089122525453026,0.072839623218897,9.830080315879897e-05,0.0968417179323437,0.0297150570233582,7.597220574246378e-07,0.001390315132443,-0.0002282511928558,-1.454189847052142e-06,-2.475620968393629e-06,2.752283439870184e-05,0.0179138015543455,3.1,0.0,0.9998321413206094,185.006859,56.15889,snia-cosmo,norm,1.0,1.0,2018cdt,100.0,10.632,0.1407160260951111,ZTF18aaxdrjn,1.7284991258321933,wall,16.94387158572149,16.935626412931068,35.9375266509427,0.0042945799084910564,0.19894266640246927,True
ZTF18aaxqyki,0.10032287,0.00368782,z_snid,58286.17613951933,0.0004771928974213,1.089633329635868,-0.0685491918897713,0.0657248979186988,1.4079741261418578e-05,0.0775269201375959,0.0282270127142546,1.259921510891452e-07,0.0002940241364101,-0.0002886569168985,3.568731938225122e-09,-3.398296568414117e-07,-0.0002358019723451,0.0155199001593988,3.1,0.0,0.2271508905145999,232.576024,57.65854,snia-cosmo,norm,1.0,1.0,2018cnz,100.0,8.049,0.2563123094976127,ZTF18aaxqyki,1.3291386294889156,wall,18.93826507257178,19.303316233579093,38.39468779765759,0.004051242617625036,0.10947134033560546,False
ZTF18aaybfsd,0.04017954,1.383e-05,z_gal,58900.00860385085,0.0026938936469215,0.1279754997033494,0.021726602576653,0.0864805938072095,8.992579363727203e-05,0.107725588421747,0.0307241252511893,-9.980432490940396e-08,0.001192717709086,-5.307826188881127e-05,-2.193531067784968e-06,-2.345157213819664e-06,0.0001292608141381,0.0141455866736749,3.1,0.0,0.0006333900718011,230.716286,38.449606,snia-cosmo,norm,1.0,1.0,2020cbf,100.0,10.487,0.1256025477448606,ZTF18aaybfsd,1.1357713423930296,wall,17.05904888480918,17.009612986780024,36.3173947072836,0.004338579331756657,-0.10693881608947164,True
ZTF18aayidfz,0.0721417,1.327e-05,z_gal,58288.83796483595,0.0006596715627305,-1.36929046050491,-0.0425881586044148,0.1125825663148134,2.121458250942305e-05,0.1716293148211339,0.0301947851849841,2.636780956086507e-07,0.0109908337603293,-0.0001550289235341,-5.817736974741254e-07,-5.125935982865222e-07,0.000263109240365,0.0092220240105537,3.1,0.0,0.512586106435412,198.667729,24.005748,snia-cosmo,norm,1.0,1.0,2018cvd,100.0,11.189,0.1066255128944288,ZTF18aayidfz,1.3928231184255353,wall,18.586680592949605,18.527003220152604,37.63727812601539,0.004244163896708652,0.09056799855131759,True
ZTF18aayjvve,0.04730228,1.138e-05,z_gal,58292.10301631165,0.0015470893528834,-0.1348585493857252,0.0505437529840757,0.0474454282484657,4.7728855835280494e-05,0.0659209457349102,0.0271160263306572,1.906562158081901e-07,0.0002972471695924,-0.0001257527705504,-4.1268557045985524e-07,-1.1244590255824892e-06,3.1574642741707845e-05,0.0126263153150792,3.1,0.0,0.9923944068074302,226.069174,35.815035,snia-cosmo,norm,1.0,1.0,2018cny,100.0,10.418,0.1041201229350023,ZTF18aayjvve,1.3179820392279014,wall,17.661211506728364,17.485645675563728,36.68289336127244,0.0041469665064983435,0.003595218705388148,True
ZTF18aayjyub,0.03493653,0.0039246,z_snid,58292.63659724094,0.0026031398333051,0.755717409147848,-0.0719932141669015,0.1674033803064958,7.831261761392016e-05,0.0929014210588748,0.0269234534926727,-7.332099994453096e-07,-0.0081894179620936,7.477487963497132e-05,4.21749448454175e-07,-1.8167830670499017e-06,-0.0002974524432547,0.0213080078491114,3.1,0.0,0.3836654316080297,200.116658,62.300754,snia-cosmo,norm,1.0,1.0,2018cod,100.0,8.798,0.1325481044753187,ZTF18aayjyub,1.1810595750089912,wall,17.096256255484047,17.42523565668214,36.00551387322689,0.004091883811859372,0.6205646878693537,False
ZTF18aazblzy,0.06739614,0.00432782,z_snid,58291.7334996661,0.0008193220203382,-1.9361001407840728,-0.0893683478682186,0.0342403780705353,2.391297852088272e-05,0.0424457040081184,0.0269338943358969,2.0243339648414186e-07,0.0001193701003395,-0.000282560633747,1.284736506972494e-07,-5.535667783922154e-07,-0.0002830348036657,0.0115763543920095,3.1,0.0,0.6072920105169705,242.839479,36.994299,snia-cosmo,norm,1.0,1.0,2018cri,100.0,,,ZTF18aazblzy,1.8441828137268932,wall,18.35136343189565,18.35735129057736,37.48239288151453,0.00402916882188339,0.07580131347693297,False
ZTF18aazhwnh,0.0907292,2.57e-05,z_gal,58286.47303959727,0.0004530820560864,-2.729847877261586,-0.0951908659131401,0.1513526411472412,1.5233598081323502e-05,0.2065704726831969,0.0346453970587163,4.176218960453931e-07,0.0165522725480008,-0.0003114261614431,-2.911448575382161e-07,-3.813956425886262e-07,-0.0001110167700112,0.0434816906246943,3.1,0.0,0.0070989446335473,233.014783,23.517055,snia-cosmo,norm,1.0,1.0,2018cua,100.0,11.149,0.1325481044753187,ZTF18aazhwnh,2.0718265078523275,wall,18.99455784332148,18.907470824835595,38.1625370608284,0.004357600281978789,-0.054223331578701406,True
ZTF18abcdzyc,0.0557604,1.756e-05,z_gal,58299.78950224874,0.0009737328245145,-0.795190141679005,0.0223082893455096,0.159427796555974,3.56207023371305e-05,0.2806114617105025,0.0324708345670195,6.116320622054601e-07,0.0084584430319733,7.31746812711987e-05,-3.576442184151129e-06,-9.625595681507155e-07,0.0018630988334476,0.0106452720578886,3.1,0.0,0.0482747876036742,195.440843,61.465484,snia-cosmo,norm,1.0,1.0,2018cty,100.0,10.196,0.1386217876093076,ZTF18abcdzyc,1.2161724999706356,wall,18.163900474221073,17.98341815741493,37.05315937700462,0.004602516737452892,0.13110168482441453,True
ZTF18abckujg,0.07359702,1.239e-05,z_gal,58302.98324289426,0.0007014950074339,0.6684211692522388,0.0121318142578907,0.0777988331392407,2.1033817005104087e-05,0.0972863019204936,0.0277062716812629,-3.8896888009110016e-08,0.0020826985764559,1.1570317870499908e-05,-1.7902008914869277e-07,-4.982448549637534e-07,-6.225338020786864e-05,0.0153277870709187,3.1,0.0,0.0444685534269608,222.973417,46.645835,snia-cosmo,norm,1.0,1.0,2018cvt,100.0,9.713,0.1009752444909147,ZTF18abckujg,1.4860450424536933,wall,18.51993853878657,18.575908878282423,37.68282371576466,0.004084828644982396,0.09392806693186218,False
ZTF18abckujq,0.06310824,2.208e-05,z_gal,58304.23319646994,0.001186405938355,1.14486423958537,-0.0188514697887313,0.1796086260001175,4.3584102669173125e-05,0.2241087638942989,0.0358876085578579,6.318313266458864e-07,-0.0021493327844771,-9.800492751556088e-05,-3.892503845671808e-06,-1.2489485537716469e-06,0.0015169130230088,0.0166053692813652,3.1,0.0,0.8512012449868283,181.669337,59.513318,snia-cosmo,norm,1.0,1.0,2018cvf,100.0,10.484,0.1035808862676893,ZTF18abckujq,2.302209119369129,wall,17.949416720465972,18.168137270352993,37.33316474745397,0.004615882974983389,0.03581542731312426,True
ZTF18abcrxoj,0.03090275,1.752e-05,z_gal,58306.076015357714,0.004356300962154,-1.3577856398939974,0.0081643428302167,0.04744768380624,0.0001318062851125,0.0542127346502112,0.0275014213605401,4.910597879533353e-07,-0.000316888682656,-9.599238334477372e-05,1.763189354312639e-07,-3.1258347541972683e-06,-0.0001555679608729,0.019120904069929,3.1,0.0,0.9863526117147424,239.259662,37.417042,snia-cosmo,norm,1.0,1.0,2018cvw,100.0,9.915,0.1332066064427737,ZTF18abcrxoj,1.586919405294589,wall,16.537205309843678,16.321805857484847,35.732706174584756,0.004104158230943306,-0.2100574126858069,False
ZTF18abcvush,0.05165325,1.662e-05,z_gal,58302.86048338936,0.0009776743304251,-1.4247492022025343,0.1524740413367034,0.1960364677142934,3.614566662495751e-05,0.2004518905212252,0.0348319499773659,-1.3550630660035565e-06,0.0029922978684118,0.0005295676296488,-1.4949981393805213e-06,-1.0146345444089405e-06,-2.7013180676887724e-05,0.057979355064111,3.1,0.0,1.2236258072373245e-05,256.683284,18.35699,snia-cosmo,norm,1.0,1.0,2018dcn,96.96969696969695,10.699,0.1501465950329877,ZTF18abcvush,1.8703402954716173,wall,18.159514468484446,17.48738005203231,36.880702929423215,0.004636286217230551,-0.19247997297680242,True
ZTF18abdfazk,0.07958904,1.045e-05,z_gal,58307.49594254256,0.0006228976274424,-0.1872275524991828,-0.0661227751203625,0.1038470486964797,1.924574512627105e-05,0.1469307588337311,0.0292729984223509,9.91871568568237e-08,0.0064140176517885,-0.0003357464776405,-3.657002939322094e-07,-4.727054019479116e-07,-4.753075582169935e-05,0.0091234302064469,3.1,0.0,0.469001916381011,216.980164,40.974323,snia-cosmo,norm,1.0,1.0,2018dbe,100.0,9.242,0.1028396810574595,ZTF18abdfazk,1.2248453699997723,wall,18.648958308272327,18.827727053795567,37.8617013693772,0.004150342567007327,0.16686858883246758,False
ZTF18abdrmin,0.05156123,1.525e-05,z_gal,58315.84425291175,0.0012180784556245,-1.1547722038882269,0.0450972330957445,0.1285831040477205,4.080629738617309e-05,0.0860038419663886,0.0302914667383317,-4.957431085196366e-07,-4.642971424076396e-06,-0.0001332567110251,-4.371030320059766e-07,-1.0497784336638406e-06,-7.497730059071064e-05,0.0214422801581684,3.1,0.0,0.0850348424194874,222.02355,63.216698,snia-cosmo,norm,1.0,1.0,2018der,100.0,10.912,0.1600781059358212,ZTF18abdrmin,1.1794163257292778,wall,17.920811845457642,17.619342314316484,36.876689084966856,0.004347977617862455,-0.05650386623627013,True
ZTF18abespgb,0.0541456,0.00327567,z_snid,58318.165767202525,0.0008285841314148,1.2994202142094584,0.1309394570602693,0.3745872701110784,4.3738908797169606e-05,0.4641169746968918,0.0439415018966405,7.328382918248984e-06,-0.1089295338162953,-0.0052321525100911,-1.3718039166275867e-05,-1.6148481001591342e-06,0.0089158170673227,0.0194236182511815,3.1,0.0,0.1744032171123954,216.803278,16.862704,snia-cosmo,norm,1.0,1.0,2018dyg,100.0,9.256,0.1028396810574595,ZTF18abespgb,1.353191287865456,wall,18.339158470814745,18.115164983917236,36.986867365644734,0.0063098179452571596,0.32914052268660343,False
ZTF18abetehf,0.06497246,1.749e-05,z_gal,58317.9708835186,0.0010603559575809,-1.335507718817452,-0.1321026418846385,0.0602350694971391,3.191957738275873e-05,0.0754865958441682,0.0282782375998852,3.394871548374235e-07,7.863001838664476e-05,-0.0003433910974636,-1.0980288283771025e-07,-7.62496540260676e-07,-0.0001922249560186,0.0227934681588655,3.1,0.0,1.6455906086530205e-05,233.487156,31.169817,snia-cosmo,norm,1.0,1.0,2018dvb,99.25925925925924,10.701,0.1435583505059876,ZTF18abetehf,1.3916430788929504,wall,18.071370798011287,18.293917907219225,37.39920464046865,0.004093217143652637,0.09555617116467319,True
ZTF18abetewu,0.07418317,2.487e-05,z_gal,58318.21886121578,0.0005800824834734,1.0340808444345402,0.1394028154690141,0.176451198709401,2.032523477568291e-05,0.2051330296050219,0.0323765877607415,-4.057680818748652e-07,0.0165884915056799,0.0005238261408932,-1.4282743462440074e-06,-5.709136137135822e-07,0.0018514635552646,0.0126461046339444,3.1,0.0,0.6009187581108015,217.309018,46.050907,snia-cosmo,norm,1.0,1.0,2018dye,100.0,9.652,0.1113597772986279,ZTF18abetewu,1.3229810666331228,wall,18.726275621392638,18.43889821165953,37.70092474729288,0.00447223907116388,-0.06118363121924786,False
ZTF18abfwuwn,0.09746681,2.09e-05,z_gal,58324.38261090503,0.0005088092928105,0.3078170480357667,-0.0285163903387602,0.072299889561691,1.5450851932528615e-05,0.0829692148089712,0.0284718951804795,4.9759144958598736e-08,0.0012557281310147,-0.0001469390477134,-1.4114617254497054e-07,-3.764552323487045e-07,-3.73703715049616e-05,0.0222606661386638,3.1,0.0,0.4436560237852758,251.428201,37.890516,snia-cosmo,norm,1.0,1.0,2018ecq,100.0,9.185,0.1181905241548577,ZTF18abfwuwn,1.6803241985333195,wall,18.86861241350786,19.000107610283024,38.32785771429897,0.004112034760869075,-0.12690719960184593,False
ZTF18abgqkpc,0.10815474,2.679e-05,z_gal,58319.23171248863,0.0004253512591666,0.1532058646790454,-0.1256107460923886,0.3193931129681004,1.6115861762712897e-05,0.3242820638845537,0.0372915843951099,1.2218893996431173e-06,-0.0367497858171244,-0.0022333051495143,-1.912802214979072e-06,-4.96462970532047e-07,0.0025874319894608,0.0141878418625691,3.1,0.0,0.1411749051456881,217.541052,55.886354,snia-cosmo,norm,1.0,1.0,2018dxu,100.0,10.591,0.1016070863670443,ZTF18abgqkpc,1.772344925185556,wall,19.063130693039923,19.473972826981395,38.56911184582804,0.004717233395180245,0.10570388556745713,True
ZTF18abifioh,0.10332513,2.257e-05,z_gal,58907.91469812704,0.0004733807963067,-1.177694818717308,-0.0689641994289192,0.3041319882759126,2.0503987388965e-05,0.4479748146416231,0.0451864528020753,-1.2347288277532766e-06,0.0820700693866263,0.0009137830432158,-3.131174342013912e-06,-6.823688959587363e-07,0.0005000295147741,0.0347896330742149,3.1,0.0,0.2901009164236867,249.465438,24.883083,snia-cosmo,norm,1.0,1.0,2020dfz,100.0,10.562,0.1562049935181331,ZTF18abifioh,1.4233952297332222,wall,18.946973410309674,18.995885153918902,38.463024508073225,0.005236586958667159,-0.26629644974022126,True
ZTF18abixkjh,0.06414698,0.00353023,z_snid,58326.77447848913,0.0011359033724802,0.793394274501675,-0.1094842292974846,0.3355633612518431,3.923436968792759e-05,0.22996282771982,0.0307941333659701,-2.8856358141988804e-06,-0.0364883891570109,0.0012915066015949,-8.572885048732689e-07,-9.92585328040938e-07,-0.0003711069593228,0.0328005990738749,3.1,0.0,0.2469078058957815,232.588461,27.629508,snia-cosmo,norm,1.0,1.0,2018ecp,100.0,8.601,0.1041201229350023,ZTF18abixkjh,2.0958457819958003,wall,17.996646527600134,18.44712283685257,37.37018977384541,0.004431368796044658,0.27777596742126265,False
ZTF18abjtgdo,0.07392846,1.98e-05,z_gal,58337.0607229384,0.0007514487899892,-0.8110904401794307,-0.0165435892785415,0.078811129409587,2.2819009443282026e-05,0.086627018855146,0.0273353670932976,1.8827445791519562e-07,-0.0020462655275181,-0.0001789566523754,-2.50189893163061e-07,-5.324396703281838e-07,-4.690257935202651e-05,0.0110182910588089,3.1,0.0,0.0096932825516199,226.098226,61.621454,snia-cosmo,norm,1.0,1.0,2018epj,100.0,10.506,0.1293213052826177,ZTF18abjtgdo,1.5144314150095062,wall,18.445251526325116,18.382983991463473,37.69307586342704,0.004112034773690362,-0.109248967549466,True
ZTF18abjvhec,0.05690958,1.09e-05,z_gal,58340.18932216887,0.0017311121700732,0.4829036765563286,-0.0426788008567903,0.0970386644366954,5.721655904318166e-05,0.1623821355476294,0.0285888586180887,3.684407184716941e-07,0.0034417556018007,-0.0003291926378193,-3.054303543085561e-06,-1.394753729210023e-06,0.0006875279928389,0.0204644745572654,3.1,0.0,0.3685872224824019,226.376712,30.910239,snia-cosmo,norm,1.0,1.0,2018emv,100.0,10.723,0.1041201229350023,ZTF18abjvhec,1.7470706083957117,wall,17.539186976086334,17.739097773460273,37.09921713436652,0.0043127800508356235,-0.1592764564921444,True
ZTF18abkhcrj,0.0382256,1.135e-05,z_gal,58343.11127490181,0.0015914742409049,0.9950738452948056,0.2249397508319227,0.1072314497832849,5.0747523731038864e-05,0.0654857996198707,0.0281379324149188,-3.206613826619679e-07,-0.0018083575854896,-0.0001142321187709,-8.714612993571074e-08,-1.237534690459368e-06,-0.0001947581279999,0.0442019276132015,3.1,0.0,0.6732291354709119,256.651382,24.545405,snia-cosmo,norm,1.0,1.0,2018emi,100.0,9.939,0.1203702621082134,ZTF18abkhcrj,1.6342297199601787,wall,17.630500965845577,17.07249807660789,36.20607251197536,0.0042236133852700366,0.0672684690466342,False
ZTF18abkhcwl,0.03163282,1.271e-05,z_gal,58344.13953852408,0.0049452806282554,0.214871595606771,-0.0816614873719332,0.080747838703246,0.0001540898106573,0.0732271557554571,0.0272633084384243,-2.8982304093522586e-07,-0.0011860634501304,-9.660264244441148e-05,-1.1394905447769444e-06,-3.650577082938345e-06,7.109928817805491e-06,0.0279316997130561,3.1,0.0,0.7524482566782805,236.529547,29.733508,snia-cosmo,norm,1.0,1.0,2018eml,100.0,9.345,0.1017889974407843,ZTF18abkhcwl,1.5116510190381445,wall,16.399522646494248,16.68275528073219,35.78457023776012,0.004169496845942081,0.09902794738617204,False
ZTF18abkudjo,0.09198744,2.094e-05,z_gal,58345.409279617896,0.0004839912269215,1.2181973216765665,0.0090609554893628,0.257002794289292,1.8531498814860093e-05,0.3297818458266371,0.0343987789105543,-1.562719593771951e-07,0.0193013302192448,-0.0004311948023876,-2.184493739256924e-06,-5.516297194783638e-07,0.0024235319339879,0.0129774675801327,3.1,0.0,0.9713697116105516,227.060562,34.86825,snia-cosmo,norm,1.0,1.0,2018eqg,100.0,10.219,0.1077032961426901,ZTF18abkudjo,1.4842530451330966,wall,18.92290627633377,19.06536493935146,38.194276452811145,0.004753202994720825,0.0719313909544178,True
ZTF18ablmflp,0.04265634,1.621e-05,z_gal,58345.625987575695,0.000913475466497,0.4048404661454087,0.2700750847208543,0.1792980351674487,3.270497765799204e-05,0.2596043023509759,0.0311479958439588,-9.89245304766836e-07,0.0228150762017463,0.0001961324920759,-2.741827524405716e-06,-8.798405569479571e-07,0.0014526685942105,0.0116834319250983,3.1,0.0,0.3363371810675753,211.096644,60.024438,snia-cosmo,norm,1.0,1.0,2018etj,100.0,10.338,0.1038460398859773,ZTF18ablmflp,1.299956987425453,wall,18.233257780351824,17.45270268297753,36.45116539226573,0.004536063021766526,0.202380195125904,True
ZTF18ablqkud,0.0680796,1.427e-05,z_gal,58347.38554307852,0.0003673039790466,0.6793486141017779,0.1454535709670694,0.2706027791973611,1.2874319258460096e-05,0.1768824036537897,0.031100927006502,-5.835710693192939e-07,-0.021129221887144,0.0002692112961521,-2.6349880165330697e-07,-3.447354763672412e-07,0.0002451592709465,0.0308506576122836,3.1,0.0,0.0454390950409146,249.416555,25.320953,snia-cosmo,norm,1.0,1.0,2018fim,100.0,9.778,0.1035808862676893,ZTF18ablqkud,1.0206366249400807,wall,19.22243591716684,18.866638653143173,37.50533241732149,0.0044732579556714365,0.5621491402357849,False
ZTF18ablqlzp,0.04159889,1.086e-05,z_gal,58349.13259657016,0.0018410098621492,0.64407647703834,0.119180522501524,0.1640965623191732,5.801810989222787e-05,0.1851548368511847,0.0280947207045481,1.7580067267882393e-08,-0.0145575726994848,-0.0004761735501331,-1.00633197777327e-06,-1.4171662594936257e-06,0.0004296364268803,0.0285286989527341,3.1,0.0,0.8712452207937085,234.133273,41.799846,snia-cosmo,norm,1.0,1.0,2018fbh,100.0,10.642,0.1088531120363584,ZTF18ablqlzp,1.5382251096674469,wall,17.472359712518475,17.19307079954912,36.39500239673897,0.004195748372041524,-0.0010886927757459697,True
ZTF18ablqqqp,0.08976614,0.00375366,z_snid,58349.84580328391,0.0005502022363949,-0.1678880039277414,-0.0085854183318891,0.1685050052401493,1.7296968383388755e-05,0.1105125191936596,0.0292051235136637,-5.237818981422567e-08,-0.0118710040058956,-0.0002069873188955,-2.0867283360033538e-07,-4.367316966282334e-07,0.0002214593670215,0.0457565248750707,3.1,0.0,0.8525593599101565,253.130122,23.383469,snia-cosmo,norm,1.0,1.0,2018fel,100.0,9.168,0.1062826420446913,ZTF18ablqqqp,1.2645273793866512,wall,18.783694121688853,18.786804597967826,38.13795984862599,0.004190048273066601,-0.1503123462440611,False
ZTF18abmjvpb,0.06605248,2.174e-05,z_gal,58356.40579860407,0.0009547613852286,-0.6230503320335585,-0.0389240301624452,0.2225858798592526,4.651636740404136e-05,0.3055340828729442,0.0410294717902133,-5.338377197068545e-06,0.0374712636140123,0.0041522090880081,-9.259976865474612e-06,-1.7045846548017503e-06,0.0067527773374054,0.0342636501159232,3.1,0.0,0.7440435804833196,239.548732,19.765206,snia-cosmo,norm,1.0,1.0,2018fli,100.0,10.56,0.1026109155986827,ZTF18abmjvpb,1.0508310869951931,wall,18.185262885247372,18.218700332266252,37.43663611295911,0.0058231470386409315,-0.01709287627875311,True
ZTF18abmjvuf,0.07545673,0.00382099,z_snid,58351.50188117578,0.0003933655612028,-1.821840658185211,0.1810131395979651,0.2204506979978759,1.84617544343731e-05,0.3817571490901698,0.040792492090118,4.6395493708869466e-07,0.0211744462137187,-0.0005375372675942,-3.129594731822965e-06,-6.780807647759278e-07,0.0062791114840178,0.0183487586013634,3.1,0.0,0.9815722061475745,230.30983,30.636586,snia-cosmo,norm,1.0,1.0,2018fio,100.0,,,ZTF18abmjvuf,2.1448351459926203,wall,19.148009162098425,18.331810737198804,37.739786843660234,0.00562158120738003,-0.20713320204732766,False
ZTF18abobkii,0.05971811,1.054e-05,z_gal,58359.78247905621,0.000459214166698,1.526153388829107,0.4744042763861565,0.1047731707913044,1.5902010653979934e-05,0.1518259805871875,0.031031312070398,-3.508536903792293e-07,0.0031735133474536,0.0006839391041975,-7.516119812612361e-07,-4.3628311162923954e-07,0.0010122275220938,0.0116423426654298,3.1,0.0,0.0011951130629422,243.69566,43.305244,snia-cosmo,norm,1.0,1.0,2018flg,100.0,9.907,0.1059481005020854,ZTF18abobkii,1.4716945788183047,wall,18.97996180618622,17.722970023825212,37.20811008996587,0.004438585771365931,-0.2842971617265567,False
ZTF18abpttky,0.0834335,1.326e-05,z_gal,58365.66361279634,0.0004838270893435,-1.3641455165573566,0.0226553795185417,0.0763365080601943,1.4509765528290669e-05,0.1013954778103672,0.0282983885150099,-6.362758125486456e-09,-0.0012222540143395,-1.1262990757082664e-05,-3.66266484407033e-08,-3.522653219749369e-07,-0.0001111561402146,0.0316733586998252,3.1,0.0,0.0007434955651117,258.560407,36.458971,snia-cosmo,norm,1.0,1.0,2018fse,100.0,9.73,0.1012719112093773,ZTF18abpttky,2.4208009559169037,wall,18.923274548166837,18.662062499341328,37.96981512411516,0.004085203094335527,-0.1069097203597279,False
ZTF18accnlji,0.08452412,0.00325,z_snid,58434.73108871258,0.0005048889422374,0.395143155883456,0.0251827972397928,0.1072086485728505,1.5694289635212748e-05,0.1941603657680942,0.0302917428945351,-4.434140328051461e-08,0.0089978720997365,-0.0001024920355249,-5.523108636343072e-07,-3.955053210076218e-07,7.26475679321971e-05,0.0171308731712397,3.1,0.0,0.0953706342850544,140.300593,33.722841,snia-cosmo,norm,1.0,1.0,2018imv,100.0,9.413,0.1016070863670443,ZTF18accnlji,0.7550717676962558,void,18.87701035211783,18.854263722498153,37.99962109166425,0.0041640433371473405,0.055485535248002704,False
ZTF18accwjiu,0.03281885,1.929e-05,z_gal,58440.9865136041,0.0031878653055299,-1.3851040888821096,-0.0491106067209975,0.1049349171116773,0.0001049410470466,0.0881658333874144,0.031312303105923,1.6473772154051775e-06,0.0003079045430148,-0.0006122994181157,-6.000725599000474e-07,-2.794525035444075e-06,-0.0002231877175745,0.0370011256932716,3.1,0.0,0.97848033713129,156.628964,15.340866,snia-cosmo,norm,1.0,1.0,2018icr,100.0,10.01,0.1080786750473931,ZTF18accwjiu,1.3710812195282367,wall,16.87625009201424,16.834578400405835,35.86637954326491,0.00430243702539012,0.1690417615550247,True
ZTF18acefhxx,0.07786541,1.807e-05,z_gal,58434.16179199684,0.0003712596480268,-1.2704308124712864,0.119418013782017,0.2431827079926733,1.44994100528712e-05,0.3824129557867887,0.0389607941643731,-2.957801165170048e-08,0.0120032583366821,-0.0007831413426851,-1.7723432216202383e-06,-4.357150831068202e-07,0.00077271391076,0.0363512175188734,3.1,0.0,0.3262524278023626,144.678452,9.082926,snia-cosmo,norm,1.0,1.0,2018isv,100.0,10.607,0.1026109155986827,ZTF18acefhxx,1.6130508912558146,wall,19.2108056284942,18.662749472023965,37.81160209635724,0.004823017055737352,0.05199028008082551,True
ZTF18acefxko,0.0578544,1.2e-05,z_gal,58441.56077737944,0.0011733356131975,-0.182260868042151,-0.0389812030729607,0.1635851359023945,4.22904373596569e-05,0.1583766470656313,0.0340198056975602,1.486946746166411e-06,0.0044287108423576,-0.0014727313327796,-1.388380605499574e-06,-1.211728562274085e-06,2.2319929565821098e-05,0.0525594297963587,3.1,0.0,0.4639265571153181,129.190089,13.470409,snia-cosmo,norm,1.0,1.0,2018ilf,100.0,7.491,0.1903785702225962,ZTF18acefxko,1.236806459758695,wall,17.961444368448717,18.056769576448993,37.136417224020626,0.004556399453683071,0.12119525684246868,False
ZTF18aceynvm,0.05396294,1.008e-05,z_gal,58444.97401639723,0.0011194266148367,-0.5678994098154607,0.0101168261968081,0.0948130716133164,3.665782725386095e-05,0.1026900102593742,0.0301462397204255,6.259453180220305e-07,-0.001248621600379,-0.0004453125495613,-7.56064376748433e-07,-9.520354971071584e-07,0.0002425358241039,0.0122663591310784,3.1,0.0,0.8666628653877683,153.875663,37.983359,snia-cosmo,norm,1.0,1.0,2018iqt,100.0,9.094,0.1014347080638575,ZTF18aceynvm,1.3854883847497264,wall,18.01251092943326,17.901642850848994,36.97924880482222,0.004289127339909544,0.12323695044087601,False
ZTF18acnbeuu,0.1021863,1.556e-05,z_gal,58448.85832108521,0.0005402367454749,1.1195173292778673,-0.029899274012899,0.0931103534639987,1.758670476363725e-05,0.1227618590999902,0.0319793933421401,2.575499460965542e-07,0.0003089599261735,-0.000447199331105,-5.072611903781695e-07,-4.792211655472898e-07,0.0003293286067647,0.011705222355671,3.1,0.0,0.5465012178413814,142.42238,49.212555,snia-cosmo,norm,1.0,1.0,2018iuo,100.0,10.522,0.1009752444909147,ZTF18acnbeuu,1.2897347546478366,wall,18.803539698954125,19.052959874493013,38.43732663427096,0.0042742499622451455,-0.1835238553638453,True
ZTF18acpeemg,0.07909376,3.475e-05,z_gal,58445.57409582148,0.0005747299526208,-1.156914904981445,-0.0468576563229543,0.4074670358968433,3.656255481317047e-05,0.4089335941332366,0.054811210042176,7.870639397583813e-06,-0.0663322320538808,-0.0104997896313047,-8.346854359831709e-06,-1.719546803537317e-06,0.00726370162594,0.0323214314137933,3.1,0.0,0.1158456350004583,182.284186,14.859478,snia-cosmo,norm,1.0,1.0,2018iuv,100.0,10.107,0.1046947945219818,ZTF18acpeemg,1.5613490659137157,wall,18.736340421473408,18.71963106937716,37.84741239129062,0.007795831149115754,0.07306158250064543,True
ZTF18acqqyah,0.01712587,1.035e-05,z_gal,58458.86617150407,0.0137902193850225,-0.5136623048602683,-0.0792901370586356,0.0791699859510117,0.0004770117884345,0.0778994944003547,0.031897610777414,3.008175696456392e-07,-0.0002418828319009,-9.003031270806519e-05,-8.967107922250227e-06,-1.283138914812921e-05,2.0857284319597905e-05,0.014245278866973,3.1,0.0,0.9190061865271516,171.838418,59.630087,snia-cosmo,norm,1.0,1.0,2018iuu,100.0,9.934,0.1046947945219818,ZTF18acqqyah,1.1959314306519817,wall,15.28607206172738,15.459958763928713,34.428854485292845,0.004435472142942346,0.23194718304996742,False
ZTF18acqxsyi,0.0635812,1.96e-05,z_gal,58452.592145366,0.0008997480914992,-1.5932474147406015,-0.1098985061559931,0.2409390043649182,5.634728818297e-05,0.2004826782521639,0.0517154784928771,-4.690727195401798e-06,-0.0076157705699947,0.004488929196052,-4.101008163672727e-06,-2.7011398128716023e-06,0.0022403257730983,0.0170869196233158,3.1,0.0,0.9628221254061072,144.869166,26.932463,snia-cosmo,norm,1.0,1.0,2018ize,100.0,10.413,0.1021812115802117,ZTF18acqxsyi,1.2652997455344752,wall,18.2496976646947,18.367328395714598,37.35009511032541,0.007648307833673627,0.21807618980328713,True
ZTF18acrdmmw,0.04979017,1.207e-05,z_gal,58461.90252977985,0.0021482277613277,0.6713456779838602,-0.1606015602963985,0.2457765914114134,7.074809563915397e-05,0.1376658026311467,0.0307803647086556,-3.7866758157001343e-06,-0.017082590465301,0.0008894103083903,4.248147898103968e-07,-1.8362612145731804e-06,-0.000623497822573,0.0171801437687204,3.1,0.0,0.0456559051905023,171.86356,33.617341,snia-cosmo,norm,1.0,1.0,2018jfb,100.0,9.258,0.1011187420807834,ZTF18acrdmmw,0.7426173543132603,void,17.30479918843217,17.896652420268747,36.79805545931074,0.004303549359995996,0.29943986537211076,False
ZTF18acrncou,0.08403331,2.252e-05,z_gal,58468.469096765504,0.0009358402561356,2.324424933098301,0.2313427678199107,0.3950367221841588,3.7494840929035394e-05,0.2503952075667761,0.0354025661424722,-1.9597240914811976e-06,-0.0656864488935196,0.0018335145304311,-1.839972742165881e-06,-1.1143882844038716e-06,-0.0001698837223811,0.0166927298716063,3.1,0.0,0.0235537480875777,143.743894,32.092038,snia-cosmo,norm,1.0,1.0,2018jgz,100.0,9.143,0.1059481005020854,ZTF18acrncou,1.4082600812043924,wall,18.206995692790343,17.815252603182383,37.98625317446388,0.004917292312732414,-0.9701576668673978,False
ZTF18acuefvt,0.07557343,1.322e-05,z_gal,58467.85263917938,0.0005898818894988,1.210398059981849,0.1477483307347184,0.2534174619031546,2.444061721034184e-05,0.2620813430364402,0.0434098209400574,1.378623050395648e-06,-0.0030906504647008,-0.0044257925200863,-2.8571880660147948e-06,-7.263243827855372e-07,-0.0003914225482773,0.0297688601549661,3.1,0.0,0.2234855900304871,150.644739,25.028024,snia-cosmo,norm,1.0,1.0,2018jos,100.0,10.603,0.1100727032465361,ZTF18acuefvt,1.7601457907508067,wall,18.708087343241623,18.419523246361454,37.74331645708992,0.005048684721487907,-0.12295030631436232,True
ZTF18acurlbj,0.05287054,1.006e-05,z_gal,58470.096307697735,0.001793378674585,1.325879288699616,-0.0561117810229135,0.1264122318898444,5.716212095215284e-05,0.1214466484595102,0.0303337070484893,7.500442460356441e-07,-0.0054171422369642,-0.0002638192507517,-1.1413158870229886e-06,-1.442167508444197e-06,-0.0001248319998276,0.0210940330005879,3.1,0.0,0.0695192142506808,177.678097,24.689766,snia-cosmo,norm,1.0,1.0,2018jnf,100.0,9.248,0.1019803902718557,ZTF18acurlbj,1.9585505262797573,wall,17.500819997066536,17.860389618655514,36.93315909839198,0.0042226262506401165,0.1280734246776335,False
ZTF18acuscrr,0.0796166,1.04e-05,z_gal,58472.63139334765,0.0006712320574171,0.551445019805312,-0.0012241135087186,0.1339884219087252,2.19730430217614e-05,0.1755112275161989,0.03201394361986,3.308426111957243e-07,0.0011072874812364,-0.000312953647198,-7.921400697797353e-07,-5.609043368485781e-07,-0.0003680026079066,0.0312540159698155,3.1,0.0,0.1357057713947531,123.130164,38.41675,snia-cosmo,norm,1.0,1.0,2018jst,100.0,9.883,0.105304320899002,ZTF18acuscrr,1.3836672316965932,wall,18.56781827546148,18.64881533011125,37.86249398879229,0.00428823361073147,-0.012835754266934729,False
ZTF18acwwowy,0.05507219,1.38e-05,z_gal,58482.29883805674,0.0015846249229549,0.7585609699380887,-0.0493854998780417,0.1249273374232871,5.052234865895783e-05,0.1153628968542209,0.0300164473319532,-6.670203503077678e-07,-3.722327285602661e-05,9.52229869539397e-05,-8.91408706635448e-07,-1.2702725303507585e-06,-9.965930545953096e-05,0.0125634553833483,3.1,0.0,0.7379346796692627,180.577896,59.256734,snia-cosmo,norm,1.0,1.0,2018kxz,100.0,9.979,0.1033247308247159,ZTF18acwwowy,1.0295258995771739,wall,17.635183794448,17.89447737986126,37.02513612989288,0.004223292217578941,0.07018415438248427,False
ZTF18acxyarg,0.04082876,1.219e-05,z_gal,58484.51879929225,0.0020561743713526,-0.0945035515558676,0.0169681692008745,0.1350083807556075,7.230979810637916e-05,0.1589813236285043,0.0316809372422772,9.053209226780826e-07,0.0044827971365454,-0.0004927406660332,-2.448698245120957e-06,-1.989614604043044e-06,0.000390802762625,0.0466121572668562,3.1,0.0,0.9630703431320062,120.110013,42.821445,snia-cosmo,norm,1.0,1.0,2018kij,100.0,9.182,0.1028396810574595,ZTF18acxyarg,1.8950826300438077,wall,17.3523501457567,17.286518324016164,36.353218603350584,0.004482884284596913,0.13414262507968233,False
ZTF18acybdar,0.06436144,1.427e-05,z_gal,58486.88774783204,0.0012241712666522,0.7401924552529191,-0.0655251157381545,0.1820544916554354,3.791256320644716e-05,0.1289241340277706,0.0297017137310573,-7.16167117519219e-07,-0.0094563169082036,0.000191345895078,-1.300141153883898e-07,-9.469153885181052e-07,-0.000256426787894,0.0172225283377607,3.1,0.0,0.9286131430781396,176.083431,34.514761,snia-cosmo,norm,1.0,1.0,2018kku,100.0,8.852,0.1096585609973065,ZTF18acybdar,1.0504692430359857,wall,17.915394545838286,18.222149348361974,37.3777621966016,0.004155656207249936,0.0452300561744744,False
ZTF18aczeesl,0.0297,1.414e-05,z_gal,58482.29650392629,0.0052402542568861,1.2908668083287034,-0.0133314112265539,0.1793544003121496,0.0001844589264079,0.1539782301912673,0.035384701957554,-1.922183769429321e-06,-0.0020267666792718,0.0001760144973363,-6.915447941660973e-06,-5.235218144870314e-06,5.172167349996455e-06,0.0192041840437911,3.1,0.0,0.1235408675327077,220.387097,48.203953,snia-cosmo,norm,1.0,1.0,2018kmu,100.0,7.425,0.1539123126978475,ZTF18aczeesl,0.6945202074637913,void,16.336619101393865,16.5586678293622,35.64458875963118,0.004485640284406966,0.11492197414511851,False
ZTF18aczemzj,0.04988017,1.376e-05,z_gal,58481.66339224127,0.0008921506848162,-1.4511902130823786,0.1300545409667803,0.1903644979647651,3.568834468140752e-05,0.2103200541425846,0.037704416822023,-1.3491104132005572e-06,-0.0009192329417061,0.0009224923209926,-2.4173009481103364e-06,-1.115209109632939e-06,0.0010665512840326,0.0229485767402361,3.1,0.0,0.2706008450929613,219.389392,8.078883,snia-cosmo,norm,1.0,1.0,2018ktx,100.0,10.785,0.1624315240339756,ZTF18aczemzj,1.1758905605729362,wall,18.258904467038086,17.652568760209533,36.80211621059112,0.004911361929831709,0.05129545403251201,True
ZTF18adbadqp,0.07996681,0.00306635,z_snid,58487.86755272339,0.0006912518767787,-0.2640857106757051,-0.0593643845890725,0.2931605556623253,2.509948372001012e-05,0.2952068679637127,0.0476481805961727,-9.353186372148532e-07,-0.0290122256827662,0.0060565285338988,-1.5454497702713154e-06,-7.199610676418914e-07,-0.0045236542709576,0.0219364487517537,3.1,0.0,0.9499706835464083,213.174498,18.726053,snia-cosmo,norm,1.0,1.0,2018lbi,100.0,7.879,0.1457257698555749,ZTF18adbadqp,2.0079801882737582,wall,18.535909191393422,18.682966784124947,37.87254320889163,0.004579195223452281,0.01126647964742078,False
ZTF19aabmybj,0.03998769,1.277e-05,z_gal,58503.15059912811,0.002635373806486,0.1694146574036582,0.0108177068856018,0.1038044202541641,0.0001106934315538,0.1262719945423017,0.0367666863391534,-1.6778333140864286e-07,0.00048740799572,-0.0002363830460892,-4.833579389778752e-06,-3.761695431431865e-06,0.0013560547986877,0.0209023358089105,3.1,0.0,1.0,134.941495,47.826002,snia-cosmo,norm,1.0,1.0,2019on,100.0,10.412,0.1608601877407831,ZTF19aabmybj,1.2087095551012763,wall,17.08289443729541,17.073077597986554,36.306700550063375,0.0051047344787386074,-0.03278004766271947,True
ZTF19aabyheu,0.02107332,1.461e-05,z_gal,58505.16342600847,0.0052929948902468,0.6369041294698388,0.1827125815606759,0.4113500938074139,0.0001910012440429,0.2246408118318801,0.0348032537478507,-8.108758424676957e-06,-0.0723783799393083,-0.0012316630456321,-1.4441376005245528e-06,-5.55448836361429e-06,0.0007572943602762,0.0224593005522717,3.1,0.0,0.0086733892748302,156.822546,26.533013,snia-cosmo,norm,1.0,1.0,2019kf,94.44444444444444,9.766,0.1161077086157504,ZTF19aabyheu,1.4830328560684207,wall,16.32574631316971,15.84850388845739,34.88564292631365,0.0045600342936909875,0.16370386655784175,False
ZTF19aabyppp,0.02338489,0.00042124,z_nonSEDm,58508.68276743043,0.0031894650916209,-0.534285678024224,0.152757839673748,0.172372634151543,0.0001139363204021,0.2192745893161162,0.0339832227333772,1.039879265250734e-06,-0.0080637360605989,-0.0002849244213268,-5.856282882771402e-06,-3.341865459154869e-06,0.0013769080059213,0.0194033463406484,3.1,0.0,0.0611945970636447,175.690612,21.71484,snia-cosmo,norm,1.0,1.0,2019kg,100.0,7.947,0.1084619749036499,ZTF19aabyppp,1.190186241557031,wall,16.87570536699385,16.327356069081837,35.115377502514235,0.004529309897648576,0.41282147098170385,False
ZTF19aacijie,0.06158193,1.515e-05,z_gal,58502.25401703869,0.0009078612784252,-1.8399590383533813,-0.0893939575660009,0.0928595286713971,3.053406124320986e-05,0.1443648990076707,0.0307024060540482,-2.2904510319788986e-08,0.0042432299117314,-0.0003684437172297,-1.1214801312968654e-06,-8.215753230975629e-07,0.0006494129899871,0.0105163042103637,3.1,0.0,0.9999999999777204,143.865715,53.77018,snia-cosmo,norm,1.0,1.0,2019qb,100.0,10.226,0.1407160260951111,ZTF19aacijie,1.7524966405827767,wall,18.239951266960034,18.259478270045165,37.27768332169536,0.004358456332599289,0.1826378527639031,True
ZTF19aacxrzt,0.07264404,1.682e-05,z_gal,58505.03083327415,0.0006901753419353,-0.2024962723466442,0.0105148399768734,0.3422042882739333,5.000980335111426e-05,0.3908729961470332,0.05886952705675,2.3853449168517693e-06,0.0641031074359207,-0.005479671041745,-1.0423911580147067e-05,-2.81885562077544e-06,0.0090496984351292,0.0280344445388473,3.1,0.0,0.486637120947503,143.590506,14.48833,snia-cosmo,norm,1.0,1.0,2019qe,100.0,10.697,0.1728612160086813,ZTF19aacxrzt,1.1633441076367157,wall,18.537601402283634,18.476655920226797,37.65309793239396,0.00921427893108577,0.02440089224693709,True
ZTF19aadnmgf,0.0811679,0.00308707,z_snid,58517.38234900901,0.0009459448310132,1.271734295314415,0.0410095317037563,0.1901077860566147,3.4055299595956725e-05,0.2421701583854354,0.0320302379153914,-1.2435492466155257e-06,-0.0011163284292053,0.0001872202340412,-1.6507124680369648e-06,-9.595319812694022e-07,0.0007247412042909,0.023731723858267,3.1,0.0,0.0105654103267115,144.867761,22.161982,snia-cosmo,norm,1.0,1.0,2019bly,98.9010989010989,8.185,0.1386217876093076,ZTF19aadnmgf,1.1025895802465049,wall,18.195335478988135,18.246248732050507,37.90669216779074,0.004552870106057486,-0.45960053132612855,False
ZTF19aadnxat,0.03208391,1.488e-05,z_gal,58514.38049174971,0.0044331975663117,1.0739370902898906,-0.0284090138700207,0.1520947569115378,0.0001606564491336,0.1466040643066539,0.0309097268922341,4.3235319010239e-06,-0.0110587033434351,-0.000311906208021,-8.904906284450857e-06,-4.048752366736563e-06,0.0001624741063355,0.0136324841651538,3.1,0.0,0.8306066554423273,210.583206,59.420104,snia-cosmo,norm,1.0,1.0,2019vu,100.0,9.329,0.1012719112093773,ZTF19aadnxat,1.447414523318229,wall,16.51820728462835,16.756626420266,35.81603333801219,0.004573142008754689,0.1414359866679108,False
ZTF19aadooun,0.05009373,1.745e-05,z_gal,58515.59581253766,0.0018697558456078,0.7178072149510536,-0.0698077123976408,0.1880036468319303,6.680234592296803e-05,0.1536057526624961,0.0307463459344673,4.101325454101193e-07,-0.01278782857775,3.5711172465641775e-05,-3.326334636341996e-06,-1.6924850368987238e-06,0.000100353854196,0.0140971750300196,3.1,0.0,0.6666811417337196,193.92615,46.781392,snia-cosmo,norm,1.0,1.0,2019zg,100.0,10.701,0.1151043005278256,ZTF19aadooun,1.5846152666940523,wall,17.455537750808524,17.772434669334356,36.8117236054315,0.004529742781579051,0.16155396831695457,True
ZTF19aadyijk,0.06454745,1.018e-05,z_gal,58516.72629551728,0.0010018769419655,0.3368483279221808,-0.0578745096631249,0.1487247921249945,3.44741680308902e-05,0.2204623527882359,0.032078520878245,-7.060552251707101e-07,0.0106544459555463,-0.0003789008533599,-2.7078099243671813e-06,-8.424683369292736e-07,-0.0001409677336465,0.0246215145854178,3.1,0.0,0.826469182719656,194.075572,18.785405,snia-cosmo,norm,1.0,1.0,2019aev,100.0,9.666,0.1016070863670443,ZTF19aadyijk,1.6874441864448873,wall,18.132964046240204,18.359533792104997,37.38431045885419,0.004420749449165138,0.1760662376649117,False
ZTF19aadyoqz,0.07133152,1.542e-05,z_gal,58513.69495564271,0.0005941376424434,0.4718020200771174,0.0979115655723401,0.3274972549479571,2.352997546416582e-05,0.463152546716947,0.038708569141333,7.155564475877739e-07,-0.0632598526036254,-0.0010884870761115,-4.521466134819688e-06,-6.406194610425849e-07,0.0004864612987068,0.0240699380487825,3.1,0.0,0.4647487096720463,200.125685,11.546407,snia-cosmo,norm,1.0,1.0,2019abf,100.0,10.397,0.1127120224288429,ZTF19aadyoqz,1.5398077592785089,wall,18.700282328502944,18.462808758039486,37.61154011839997,0.004873917152241387,0.052111544053615844,True
ZTF19aaeoqkk,0.06930955,1.161e-05,z_gal,58517.94746162012,0.0008800107520211,0.1166146618972779,0.0079585871622784,0.1385579804555163,2.896153343272576e-05,0.1114379011445279,0.0291999073085142,-1.6348480784189185e-07,-0.0039236092556631,2.93914172174439e-05,-6.999044347628991e-07,-6.936701617131168e-07,-0.000228191598637,0.0143016524280251,3.1,0.0,0.2780085463690916,224.046105,33.468202,snia-cosmo,norm,1.0,1.0,2019abg,100.0,8.984,0.1113597772986279,ZTF19aaeoqkk,1.515830520362917,wall,18.273780053957232,18.26543448641979,37.54606326900174,0.004301779169938713,-0.07978587816785121,False
ZTF19aafwrhf,0.05274621,2.302e-05,z_gal,58836.84112860325,0.0010296772509518,-2.637035860662274,0.2496726395416383,0.0986837912278133,9.17409353131958e-05,0.1968093230026064,0.0678043033422895,-2.820485291304327e-06,0.0116706614766231,0.0020840266789819,-8.529952047528437e-06,-6.054569466698409e-06,0.0054828995423608,0.0218534922915277,3.1,0.0,0.999999999993655,123.610777,9.645675,snia-cosmo,norm,1.0,1.0,2019wis,100.0,9.982,0.1421302219797042,ZTF19aafwrhf,1.2569072192499533,wall,18.10324720546038,16.960077002388584,36.92785524023307,0.012382777857632298,-0.7669353334303862,False
ZTF19aagmpeq,0.06160913,1.74e-05,z_gal,58526.41200794573,0.0011421482043921,1.036796900401138,-0.0584874378635822,0.2885042027664894,3.698901592350727e-05,0.2168674438696723,0.0369573331458163,8.590170243738454e-07,-0.0499329864702852,-0.0003132605405191,-1.5659288474665911e-06,-9.801916333694046e-07,-0.0001106483423009,0.0151029380906377,3.1,0.0,0.8978785772618199,179.678552,52.095058,snia-cosmo,norm,1.0,1.0,2019akf,100.0,9.16,0.1187265766372466,ZTF19aagmpeq,1.9006456170165913,wall,17.99069384667559,18.317156470108856,37.27868356899904,0.004261372315203813,0.23931580552391496,False
ZTF19aagmsrr,0.02321267,1.263e-05,z_gal,58529.43096307272,0.0083987005522075,0.5466729188643801,-0.0489671016776653,0.1838731969728542,0.0002907342215429,0.1511283565426388,0.0321234620803461,2.0890902910293667e-06,-0.0057823190798802,-0.0008029261698215,-9.191170791665686e-06,-7.303683936431781e-06,-0.0007485124082419,0.0191825512923858,3.1,0.0,0.6033694307404918,159.409931,37.458184,snia-cosmo,norm,1.0,1.0,2019aik,100.0,10.818,0.1062826420446913,ZTF19aagmsrr,1.3701373315899625,wall,15.824469757065877,16.052801980907653,35.09904941533878,0.004437592039241744,0.15459546998297158,True
ZTF19aahsnmq,0.05974859,0.00304631,z_snid,58535.87039700948,0.0014993844045029,0.5039058339982184,-0.1097827874352564,0.1771716322109569,5.535674209476346e-05,0.1501538017876883,0.0328247057021,-2.335688774440345e-06,0.0026771159481742,0.0006326420291675,-2.527274311258411e-06,-1.5168313484034871e-06,0.0003057271341188,0.0778804403170672,3.1,0.0,0.329317597999173,111.102698,42.066612,snia-cosmo,norm,1.0,1.0,2019aux,100.0,7.957,0.3247783859803481,ZTF19aahsnmq,1.4617577929189252,wall,17.695217526697885,18.10609098450693,37.209264579483516,0.004631806969165774,0.09766930943751662,False
ZTF19aailexm,0.06302927,1.507e-05,z_gal,58531.36246644896,0.0011366857659283,-0.0437886417391385,-0.0569627085725205,0.2120105810899986,6.623393574406152e-05,0.5624206606375266,0.0585759651214532,-7.388289711968697e-06,0.0839552119169395,-0.0009323617249626,-2.974082311356733e-05,-1.6603585658442316e-06,0.0020382635241113,0.0100355386400949,3.1,0.0,0.0006964752641819,150.383389,39.259749,snia-cosmo,norm,1.0,1.0,2019avi,100.0,10.89,0.1192686044187656,ZTF19aailexm,1.2296341004453437,wall,17.995898945987452,18.166352932718787,37.33032600837018,0.007027477705846404,0.03686982876271061,True
ZTF19aaillan,0.06638347,0.00295677,z_snid,58532.63557864884,0.0013548158276408,1.0225259794006831,-0.0600135284991385,0.1093275972780247,4.818605585100381e-05,0.1605065624647776,0.0302782264249755,6.873131010435543e-07,0.0039580500974863,-0.0007179985747161,-3.1638740127073543e-06,-1.131343351675279e-06,1.5416427844439818e-05,0.0186806869653881,3.1,0.0,0.189298092954264,201.53019,15.725387,snia-cosmo,norm,1.0,1.0,2019arf,100.0,6.657,0.9363551676580848,ZTF19aaillan,1.5855894014986813,wall,17.80529934587729,18.134494921340718,37.44798998130624,0.004516182766695127,-0.1126521555514236,False
ZTF19aailqli,0.05621222,1.038e-05,z_gal,58535.60877626119,0.0013214087434009,0.6825947512393911,0.0176917509454076,0.1361230001675721,4.27187478808257e-05,0.0866438700218831,0.0287441041590029,-8.874719489066044e-07,-0.0027404679854002,0.0003139961120012,-5.018171751482768e-07,-1.054887362472377e-06,-1.9842514085533363e-06,0.0135275227209305,3.1,0.0,0.8793739389134586,200.331031,52.778573,snia-cosmo,norm,1.0,1.0,2019avp,100.0,8.768,0.1026109155986827,ZTF19aailqli,1.355624897147254,wall,17.832407059775434,17.873125897018184,37.07137608843246,0.004257001728579919,0.00259271299982744,False
ZTF19aailuvj,0.0732859,0.0032249,z_snid,58536.49911965589,0.0008945681993459,1.056330977499839,-0.0987676642478768,0.2118837039888603,4.2033385179330565e-05,0.2349028723412599,0.0380330657870539,-8.314303862183308e-07,0.0024217780431718,9.471912104089608e-05,-5.805006837161447e-06,-1.3408737590248157e-06,0.0029637299369186,0.0206742039560866,3.1,0.0,0.4515345423653919,231.875754,28.699455,snia-cosmo,norm,1.0,1.0,2019awc,100.0,8.288,0.1464547711752676,ZTF19aailuvj,2.3384985289382376,wall,18.255966361132952,18.71003245715135,37.673159827789604,0.005627618208716521,0.23771553377584753,False
ZTF19aajwhbc,0.10101143,0.00297321,z_snid,58537.30016442526,0.0004907370224047,0.2283444868827004,-0.0569080325477077,0.2047663909506809,1.587611717675225e-05,0.1201886353430198,0.0326669360181796,-4.543859382060834e-07,3.421919519921152e-05,-0.0002773411664122,-1.374532969038398e-07,-4.222527458606045e-07,-0.0004633629928109,0.0136022688162471,3.1,0.0,0.930823219423464,180.808042,54.017218,snia-cosmo,norm,1.0,1.0,2019bgf,100.0,8.401,0.2032953516438582,ZTF19aajwhbc,1.176753492467953,wall,18.907877941355295,19.116261070416765,38.41053000510473,0.0042587852795392634,-0.09342603027386487,False
ZTF19aakiwxx,0.04106168,1.132e-05,z_gal,58536.8510564708,0.0021404040809411,-0.9188434934017056,-0.1014535292859997,0.1016248024316155,6.663863997229862e-05,0.0478276483575808,0.0283544741336883,-6.702375778650134e-07,-0.0005045366847357,-3.6381572516780826e-05,-9.77012857230486e-08,-1.6180828016583688e-06,-0.0001082231254926,0.0160777474280756,3.1,0.0,0.89533892887383,199.067878,62.547676,snia-cosmo,norm,1.0,1.0,2019avx,100.0,9.626,0.1008414597276338,ZTF19aakiwxx,1.0319920935394846,wall,17.308760574154157,17.494628425864516,36.36593612217897,0.0041676398053895735,0.3295352080996453,False
ZTF19aakiyly,0.06618539,1.497e-05,z_gal,58539.628775378245,0.0010527283360618,0.5593715740780718,-0.0707662655412597,0.5058520824386505,4.365019607341088e-05,0.2237530801921706,0.0345820406959672,-9.106601650482966e-06,-0.0682809533022614,0.0045408679980619,4.855882682792201e-07,-1.260326147127649e-06,-0.0011106414829692,0.0272769691361122,3.1,0.0,0.80013062115795,217.836927,23.422358,snia-cosmo,norm,1.0,1.0,2019avy,100.0,9.479,0.1033247308247159,ZTF19aakiyly,2.3731747988573715,wall,18.079209217741514,18.37689666129035,37.44120184176126,0.005051695073756598,0.13653772394318808,False
ZTF19aaklbok,0.07825578,0.00300832,z_snid,58540.87940559316,0.0007473590560841,-0.1922768631573635,0.0040645106372835,0.403575224449014,2.6429412726029528e-05,0.2282028434959457,0.0343009785542113,1.7514133580611902e-07,-0.0578036243870662,-0.0012618977228164,-1.115456864298796e-06,-7.550575075240105e-07,0.0010136904925559,0.045236711465227,3.1,0.0,0.0071670579118171,111.500985,40.00967,snia-cosmo,norm,1.0,1.0,2019baj,100.0,10.267,0.1062826420446913,ZTF19aaklbok,1.608536570174956,wall,18.451176746426743,18.411658002609133,37.82304074677895,0.004499229383667435,-0.2105398397557151,True
ZTF19aakljys,0.04397326,1.379e-05,z_gal,58539.53396324311,0.0013046690411542,-1.525176155322291,-0.0384816470634629,0.2264921850983228,4.381289059908413e-05,0.1062916499115458,0.0315995856568416,-1.2126728060834729e-06,-0.0094188012431789,0.0001832976786872,-1.81942042001034e-07,-1.14779118178071e-06,-0.0002760004672809,0.0157268895200985,3.1,0.0,0.0010634747052182,181.447797,37.828638,snia-cosmo,norm,1.0,1.0,2019aze,100.0,9.777,0.1046947945219818,ZTF19aakljys,1.5461757868980057,wall,17.846249107460935,17.752017551612546,36.519246728805854,0.004354387957075405,0.4336137272207944,False
ZTF19aaklquv,0.0485563,1.071e-05,z_gal,58541.14923594841,0.0016175820216988,0.2202672449213577,0.0365942603219129,0.4612051337026059,5.702757077051903e-05,0.2485192321547082,0.0337931090696146,1.213230193491619e-06,-0.0864266299411334,0.0002236719319773,-2.532327017706645e-06,-1.5772605155908687e-06,0.0001972121914117,0.0252271627522527,3.1,0.0,0.053899838414276,153.382867,29.551706,snia-cosmo,norm,1.0,1.0,2019bak,100.0,9.391,0.1014347080638575,ZTF19aaklquv,1.3852358608137456,wall,17.612834221519794,17.530229428810852,36.74165549380991,0.004490162388074145,-0.010583160584954343,False
ZTF19aakthjl,0.06074391,1.038e-05,z_gal,58548.76145035081,0.0007824938517965,-0.584168068755594,0.0360103225043771,0.1525670585979242,2.894246950809631e-05,0.128771911017535,0.0319716130856962,-3.247913900589547e-07,-0.0018738199191322,-0.0001879445197244,-9.682710010349169e-07,-7.649081363907386e-07,-7.79566705968059e-05,0.0178621879761214,3.1,0.0,0.6451233842568885,200.517586,22.269789,snia-cosmo,norm,1.0,1.0,2019bnu,100.0,10.518,0.1084619749036499,ZTF19aakthjl,1.3014980437933863,wall,18.4012976652568,18.207882135867443,37.246655914513234,0.004637716171991772,0.16206912576831145,True
ZTF19aakzwao,0.01949693,1.124e-05,z_gal,58556.30093816616,0.0063703366062414,0.2156699241269754,0.0356771278060728,0.0811601650384545,0.0002049734138405,0.0588075100758795,0.0283223609392023,4.242930882582373e-07,-0.0008254778437089,-0.0001881870914229,-9.043581589631756e-07,-5.0277248268177445e-06,-0.0001468607084049,0.0088867740528131,3.1,0.0,0.923239168211746,197.239102,28.281241,snia-cosmo,norm,1.0,1.0,2019bkh,100.0,9.355,0.1030776406404415,ZTF19aakzwao,1.167184943772975,wall,16.12459404774446,16.04418874092341,34.71426321536633,0.0042454470637737956,0.5307684299711818,False
ZTF19aalcwjt,0.07059444,1.167e-05,z_gal,58551.88294873816,0.0006374750661132,0.0333751190277992,0.0213151815634623,0.2333111864936654,3.3744117736883984e-05,0.3016594899396422,0.0463426776845369,-1.5260025599275156e-06,0.0269105635662452,0.0008158051174034,-6.161756773154827e-06,-1.2889913919964736e-06,0.0050057574049709,0.021624436215925,3.1,0.0,0.01112922529262,129.834042,17.188005,snia-cosmo,norm,1.0,1.0,2019blm,100.0,9.371,0.1084619749036499,ZTF19aalcwjt,1.458925861749118,wall,18.62384199335745,18.562437447174606,37.58787993078093,0.006328074658390463,0.17540042080777896,False
ZTF19aaleptm,0.07569199,1.014e-05,z_gal,58554.51073097688,0.0005623574968527,-0.5531962765290797,0.0272803197340451,0.1221323052704974,1.769032349067457e-05,0.0894984379139699,0.0288416004740562,5.326796400112078e-08,-0.0032088696277968,-0.0002984132683044,-1.998717102401261e-07,-4.338557597377967e-07,-1.0698091050571328e-05,0.0230105268067228,3.1,0.0,0.7751517258702738,222.71665,49.029516,snia-cosmo,norm,1.0,1.0,2019bow,100.0,9.911,0.1028396810574595,ZTF19aaleptm,0.5856187344602855,void,18.759968777135775,18.597952307246164,37.7468969942376,0.004191528116414872,0.05189821742266376,False
ZTF19aalveag,0.05078428,1.024e-05,z_gal,58557.50031150656,0.0009938667596793,-1.0741524734308474,0.0143236151153327,0.215413195623114,3.436480208195814e-05,0.1153155408919026,0.0307077718391691,-1.3739359089806851e-06,-0.0092915534454961,0.0006369887568695,-3.224857381587547e-07,-8.903363567084153e-07,-0.0002261932958567,0.0169222437223108,3.1,0.0,0.4634464016217053,185.422241,31.708819,snia-cosmo,norm,1.0,1.0,2019bpf,100.0,9.469,0.1049952379872535,ZTF19aalveag,1.3468349226062368,wall,18.141679585824306,17.946895032686456,36.84252014372592,0.00443435370857778,0.3052177933746373,False
ZTF19aalzmiu,0.09413385,0.00308707,z_snid,58558.072784983655,0.0005737560684658,1.1677964524040323,-0.1006890601584572,0.1217474398072226,1.7200469307694687e-05,0.0899254293088671,0.0288811874495944,-5.277789338909277e-08,-0.002363918266771,-0.000133641476047,-3.629184952095738e-08,-4.177703939086813e-07,-0.0002953850248908,0.0139679531819828,3.1,0.0,0.0599232562181169,236.996083,40.816948,snia-cosmo,norm,1.0,1.0,2019bou,100.0,,,ZTF19aalzmiu,0.3143808285804739,void,18.73818177003203,19.213809359859813,38.24748068823049,0.004084435811854876,0.16717157604342547,False
ZTF19aamgokq,0.07886432,1.12e-05,z_gal,58563.5245690206,0.0007650426280806,-0.2600847300737101,-0.114393342145779,0.2419135132913652,2.9406009961987123e-05,0.2259368823986305,0.0369335347354918,1.9489312689088776e-07,-0.017807759106768,0.0003603782251145,-2.099681237596068e-06,-8.573910210827179e-07,0.0001946866061024,0.0320915414202999,3.1,0.0,0.9879845572682376,149.577245,5.194584,snia-cosmo,norm,1.0,1.0,2019bvq,100.0,10.025,0.1009752444909147,ZTF19aamgokq,1.3228071701918662,wall,18.425785913343425,18.74399341178502,37.840764005436945,0.004766604630301565,0.10407231076217671,True
ZTF19aamgttu,0.03083587,1.67e-05,z_gal,58567.23114799344,0.0032608507416923,-2.059260877840638,0.0052587788335208,0.2591042466556246,0.0001418502985608,0.1905889041026657,0.0467548366205314,-4.4344420829896644e-07,-0.0163823184789093,0.0010876136718572,-4.390406668418116e-06,-5.146988607302569e-06,-0.0010646977262229,0.0353071831099573,3.1,0.0,0.2406711452924208,135.644858,14.524499,snia-cosmo,norm,1.0,1.0,2019bue,100.0,9.942,0.1176605286406618,ZTF19aamgttu,1.356068466535297,wall,16.851672699046848,16.547073961765246,35.72789522082665,0.005255731539326732,0.020021645352695017,False
ZTF19aamhhae,0.03952822,1.203e-05,z_gal,58569.72315489276,0.0018434240776201,0.7540000776705407,0.0131428203799823,0.0615672721796727,5.5580575371243766e-05,0.0517293136677047,0.0273610551298255,1.0339193219761281e-07,-0.0004803524476952,-0.0001094161380263,1.2924990117647228e-07,-1.311837525997586e-06,-0.0002329641669236,0.0125467820858121,3.1,0.0,0.9999999973165046,212.681179,54.614092,snia-cosmo,norm,1.0,1.0,2019buj,100.0,8.387,0.1136485811614029,ZTF19aamhhae,1.754763282668346,wall,17.470936860834428,17.53575412853036,36.28088418121006,0.004096628376685351,0.4557128517343999,False
ZTF19aamhhgu,0.03818775,2.715e-05,z_gal,58567.99909130773,0.0015822767886976,-2.328690940356972,0.0432665297788747,0.0668194020072405,5.028939573649839e-05,0.0611907681670136,0.0296228596641674,-1.1434802126501149e-07,8.644003101760006e-05,-1.5335871229859203e-05,-2.231912574141703e-07,-1.2767445050601183e-06,-4.536011103979683e-05,0.0092548665808296,3.1,0.0,0.0001345788643417,222.971295,55.407532,snia-cosmo,norm,1.0,1.0,2019bxh,100.0,10.018,0.1209297316626478,ZTF19aamhhgu,1.792029814225396,wall,17.636793856948266,17.17665088298378,36.20386177496352,0.004215793787126316,0.1736320124343601,True
ZTF19aamhlnl,0.07413195,0.00315317,z_snid,58566.0966241405,0.0007434886217541,-1.7237470515827948,-0.097515863049832,0.177101221459452,3.199654079648383e-05,0.1588372298256108,0.0381545747946943,-7.975554198330249e-07,0.0030639527444085,0.0002786672062213,-1.894368664256242e-06,-1.011086617187055e-06,0.0008628284718026,0.0271274787150029,3.1,0.0,0.4068644049455516,235.845131,15.529692,snia-cosmo,norm,1.0,1.0,2019bye,100.0,,,ZTF19aamhlnl,1.294455029425521,wall,18.456814183682976,18.517788771915864,37.699348477217086,0.005208262945186418,0.019283199112880012,False
ZTF19aamjvie,0.04321746,0.0039246,z_snid,58566.50102423816,0.002947978758628,0.7602015736746381,-0.1041422924103348,0.0739329724856361,9.233917531669398e-05,0.0762582128190789,0.0291828175292447,8.788192164147406e-07,-0.0015360190991173,-0.0002646844862486,-8.342908218673455e-07,-2.297027083329632e-06,-0.0001141445160992,0.0271712719451702,3.1,0.0,0.2263266232021195,141.361757,58.314198,snia-cosmo,norm,1.0,1.0,2019bsp,100.0,9.356,0.1035808862676893,ZTF19aamjvie,1.0627318058927782,wall,16.961189125170087,17.390458451956572,36.480420140635005,0.004181570000287122,0.11088121573566967,False
ZTF19aamooex,0.08318652,2.045e-05,z_gal,58570.03600234111,0.0005422628590057,0.2415503931003975,0.0315890533419585,0.1017141455704404,1.6390148553981586e-05,0.0814999820558814,0.0281965364439043,-1.5449040170905628e-07,-0.0018232015026294,0.000189057780983,-5.0445843820381744e-08,-3.928613461646198e-07,-0.0002017576633055,0.0117865479953076,3.1,0.0,0.5265413840076847,197.971005,38.869067,snia-cosmo,norm,1.0,1.0,2019ceq,100.0,10.528,0.1069766329625306,ZTF19aamooex,0.6759663420079352,void,18.799475351262743,18.73536634093673,37.963013781170176,0.004101947917217897,-0.026804535819345277,True
ZTF19aamqebl,0.06680772,2.658e-05,z_gal,58567.25927480527,0.0003721955189665,-0.8067475291926378,0.4462218171636599,0.2148518697358667,1.4513420957395666e-05,0.175974493700194,0.0357878375486517,-9.110724691368064e-07,-0.0089884933761292,0.0020815047238233,-2.95220474706137e-07,-4.365289264224842e-07,-0.0007949588614092,0.0346864566962914,3.1,0.0,0.0046958401158237,162.725152,17.836278,snia-cosmo,norm,1.0,1.0,2019bwr,100.0,10.199,0.1151043005278256,ZTF19aamqebl,0.5691562664860794,void,19.208072149613326,17.71183986231901,37.46246370360015,0.00481744543411604,-0.549780936867038,True
ZTF19aamvmer,0.0877045,1.651e-05,z_gal,58574.68364563619,0.0005207073904186,0.966988020133874,0.071539081086481,0.1243363725807285,1.566418099241347e-05,0.0907884656350352,0.0283536178259524,-8.562308171685428e-08,-0.0055357261936058,0.0001056026688882,4.075784240724165e-08,-3.797086724553907e-07,-0.0003843369130137,0.0104647743857927,3.1,0.0,0.0357826911604438,243.426032,47.053724,snia-cosmo,norm,1.0,1.0,2019cir,100.0,10.42,0.1109233969908963,ZTF19aamvmer,1.5900595721505997,wall,18.843515645808658,18.757122817259308,38.084493181898935,0.004091784118761537,-0.1265274602255252,True
ZTF19aanbfaw,0.05839514,4.495e-05,z_gal,58573.68941306433,0.0012005740038508,0.7679727644455329,-0.03741993600768,0.2296269917605968,4.710535759014725e-05,0.2032093617667543,0.0344736701997189,7.734056375105205e-07,-0.0202706541295148,-0.000559930939636,-4.075796962038167e-06,-1.2950667766753365e-06,0.0007377888592927,0.0403093539188183,3.1,0.0,0.0411574270764892,126.262236,41.051554,snia-cosmo,norm,1.0,1.0,2019cae,100.0,8.18,0.1214948558581802,ZTF19aanbfaw,1.138381821846317,wall,17.936527661750667,18.160045650396846,37.1574448958852,0.004839727328060949,0.203443658925749,False
ZTF19aanejfr,0.04293415,1.047e-05,z_gal,58576.49808157087,0.0026683142560095,0.5399310312189664,-0.0204759099168875,0.1241686214052606,9.05981036389786e-05,0.1181209684372282,0.0316538843426115,-1.3572172728797605e-06,0.0011408660348947,-0.0001111366712954,-2.556345879824679e-06,-2.331292405139728e-06,-0.0001276847948941,0.026052166051375,3.1,0.0,0.8971337520154246,127.625522,15.811849,snia-cosmo,norm,1.0,1.0,2019ces,100.0,10.234,0.1585212919452778,ZTF19aanejfr,1.0417948219637898,wall,17.069407558689985,17.208473223802994,36.465695837086784,0.004383979487453308,-0.05637970886968857,True
ZTF19aanesxt,0.04636378,1.185e-05,z_gal,58578.26123405581,0.0018200935990693,0.5935009872137572,-0.0594422141204109,0.0891142663058417,5.603116594093504e-05,0.0969065519233107,0.0280343768724553,2.206955043021917e-08,-0.0013043421175351,-0.0001760094211588,-7.605322382469534e-07,-1.3456214322105628e-06,0.0001628193411434,0.0132163587526002,3.1,0.0,0.3715074645450704,158.663694,53.973045,snia-cosmo,norm,1.0,1.0,2019cmh,100.0,9.245,0.1046947945219818,ZTF19aanesxt,1.1241936080455066,wall,17.484765694166324,17.752126696149524,36.63791952677953,0.004142173215118233,0.31505007378409944,False
ZTF19aanetjx,0.05307594,1.292e-05,z_gal,58579.78134800773,0.0011061740037542,-1.0218495332693978,0.0442389832640711,0.1822914782533189,3.756187726625961e-05,0.1605600295375654,0.0329579748122337,-1.2462632373213134e-07,-0.0065097692414851,-0.0003508107653787,-1.074353198174964e-06,-1.025826150729838e-06,0.0002907931936778,0.0204421378402887,3.1,0.0,2.383923848604858e-07,159.2929,25.903575,snia-cosmo,norm,1.0,1.0,2019crd,100.0,10.009,0.1019803902718557,ZTF19aanetjx,1.5139165236886045,wall,18.025441380303462,17.745241597527126,36.94189500843082,0.0043842405515060745,0.0041894935104090925,True
ZTF19aaneugz,0.05444116,1.531e-05,z_gal,58578.22190570618,0.0010288370604956,-1.0429710153363243,0.1319851563417112,0.2406169340829365,3.631330811389253e-05,0.2137154736472528,0.0364026137520712,-4.836236313744151e-07,-0.0147889863587783,-0.0003895413089304,-1.267826064591538e-06,-1.0405544612731475e-06,6.873298673205523e-05,0.025420796286444,3.1,0.0,0.6276612911156777,158.005026,18.160664,snia-cosmo,norm,1.0,1.0,2019cre,100.0,10.513,0.105304320899002,ZTF19aaneugz,1.7095264715248075,wall,18.104133500243734,17.548963573437344,36.99914243857717,0.004493544358809546,-0.24933596072572028,True
ZTF19aanhlxe,0.06425413,2.004e-05,z_gal,58575.346121335126,0.0008258686874007,-0.2334906075226313,-0.0349506542698167,0.1795768130323267,2.8140819638727127e-05,0.1354859642472486,0.0306503439656149,4.479338490280561e-07,-0.0053379387016559,-0.0009855673555605,-8.538949093460737e-07,-7.232439986962912e-07,0.0001996110412886,0.0123900468977831,3.1,0.0,0.8882351337448148,206.664394,23.399442,snia-cosmo,norm,1.0,1.0,2019ced,100.0,10.174,0.1033247308247159,ZTF19aanhlxe,1.1213801325078134,wall,18.342722499346667,18.418380842529928,37.37397619693653,0.00439367433888252,0.24524755000749765,True
ZTF19aanhlzi,0.05442931,1.134e-05,z_gal,58576.91124949424,0.0010039799258654,0.5478981195375024,0.1241830948286303,0.1863812210831383,3.502490212093105e-05,0.1536673678157374,0.0306485763219413,2.93411295137318e-07,-0.0039974843162632,-0.0003888015451057,-1.118485631110253e-06,-8.990865945440123e-07,-3.225863621555266e-05,0.0271695443502734,3.1,0.0,0.436739252002087,203.034854,10.438215,snia-cosmo,norm,1.0,1.0,2019cee,100.0,10.191,0.1019803902718557,ZTF19aanhlzi,1.3913962334811496,wall,18.13068742657571,17.822425569342208,36.99865152939131,0.004459671403364803,0.024616944364999838,True
ZTF19aanramr,0.04400883,1.429e-05,z_gal,58584.79084680253,0.0014542312023298,-0.382662957751282,0.0949166058429452,0.0891572980472119,4.740145601353908e-05,0.0942087560556513,0.0285795096732386,3.207369370119922e-07,-0.0005953340279827,-0.0002750601808648,-1.0473121303144829e-06,-1.1789409553289542e-06,0.0003899463341383,0.0147649694475499,3.1,0.0,0.1475461336771745,156.207062,44.03513,snia-cosmo,norm,1.0,1.0,2019cmj,100.0,9.858,0.1056219674120871,ZTF19aanramr,1.0021934880249108,wall,17.72841635316678,17.38060206096847,36.521058000832966,0.00427746352337203,0.060386964549607014,False
ZTF19aantarc,0.09914808,0.00053418,z_nonSEDm,58584.26777862958,0.0004727378989398,-0.0741332418944791,-0.0424250915890377,0.1301902398699894,1.536019804292176e-05,0.1515997508606345,0.0307931663268356,-3.7843222404445945e-08,0.0019628643817032,8.634380179841276e-05,-5.922676850723458e-07,-4.0088652562879706e-07,0.0007438826303031,0.0241404783183342,3.1,0.0,0.099244265092553,204.958993,20.299885,snia-cosmo,norm,1.0,1.0,2019crb,100.0,8.499,0.479542490296741,ZTF19aantarc,1.2058949528742031,wall,18.94844894833281,19.0695880783936,38.36741936943943,0.004269518706755964,-0.09698838663172948,False
ZTF19aanxrkt,0.08693719,1.162e-05,z_gal,58583.63736167402,0.0004554182268801,0.6313883598660611,0.0609454762256407,0.2515485416151932,2.176950777251453e-05,0.2834387365658589,0.0414978451846475,-6.834659113775671e-07,0.0044051220379235,0.0005595354663987,-3.5474584436222245e-06,-7.685572887384187e-07,0.0049898241652949,0.0396650317809537,3.1,0.0,0.5063764436652298,232.447967,7.201246,snia-cosmo,norm,1.0,1.0,2019dbi,100.0,9.137,0.1030776406404415,ZTF19aanxrkt,0.786711694149511,void,18.98897397978395,18.888437373865713,38.064288007573985,0.005718550005082908,0.024992270705829767,False
ZTF19aaobwpx,0.05261777,1.01e-05,z_gal,58589.4197705,0.0014270277434081,-0.208552891701094,-0.0175161785320214,0.0530601037899032,4.285631387833605e-05,0.0694067388809075,0.0268086646917613,2.774560480441209e-07,-0.0005586105592417,-0.0001662995377009,-2.624232237604339e-07,-9.919835864981532e-07,-7.779448682820074e-06,0.0176936058740834,3.1,0.0,0.9861956543491688,233.910411,35.011749,snia-cosmo,norm,1.0,1.0,2019czy,100.0,9.164,0.1062826420446913,ZTF19aaobwpx,0.5065967979516128,void,17.748918958783243,17.774021707394354,36.9223633445153,0.004088196247812936,0.05250126729315896,False
ZTF19aaokist,0.07458895,1.617e-05,z_gal,58588.73825621634,0.000919951949335,0.7365968967573915,-0.00341245409251,0.1249302897267625,3.0921425870674227e-05,0.1710514847604606,0.0288615197871672,4.499408876830855e-07,-0.0056077978006351,-0.0002103263647999,-2.0319768053110777e-06,-7.468838307609277e-07,0.000903416293957,0.0307152164204304,3.1,0.0,0.8209571554191001,225.660798,10.943216,snia-cosmo,norm,1.0,1.0,2019dac,100.0,10.947,0.1171366723105962,ZTF19aaokist,1.5906792808816728,wall,18.22558714001557,18.339289313248386,37.71337575497644,0.004356794988618778,-0.17324353731395148,True
ZTF19aaomkvl,0.03941074,1.027e-05,z_gal,58589.7169043608,0.0011447697004597,0.5575648477360673,0.3187618421051893,0.1695377517062297,4.34859848460025e-05,0.2362095052373268,0.032413018499332,-2.9852132196145024e-07,-0.0053686954594727,0.0004955355349942,-4.046250305887912e-06,-1.197748917220658e-06,0.00141526756415,0.043584845277799,3.1,0.0,0.9435146718088272,241.125202,17.470822,snia-cosmo,norm,1.0,1.0,2019crp,100.0,10.12,0.1046947945219818,ZTF19aaomkvl,1.2504173936879122,wall,17.988204684793697,17.078102052950662,36.274236391660104,0.004726026220623814,0.0047085657046602725,True
ZTF19aaoyech,0.08359737,1.278e-05,z_gal,58592.83444544725,0.0007082273878491,0.9720930940692776,-0.1033193044827278,0.1011154529442137,2.1891916450511952e-05,0.1345387280007865,0.0287959364313189,-1.941253877018133e-08,0.0038858047459267,-9.085132323038017e-05,-5.497374489981948e-07,-5.265748553785617e-07,2.1460106799371235e-05,0.0164892519576247,3.1,0.0,0.1649838384768142,187.590468,25.63384,snia-cosmo,norm,1.0,1.0,2019cya,100.0,9.898,0.1014347080638575,ZTF19aaoyech,1.9953021207498978,wall,18.509568206646872,18.96595108371303,37.974317202012635,0.004151343272169749,0.1924767861144966,False
ZTF19aaoyjoz,0.0615052,2.324e-05,z_gal,58591.49801520651,0.000962938298892,-0.3893684840274861,0.0146016676420381,0.1543394867367169,3.570736085306916e-05,0.1872984598890187,0.0343742364028316,-9.320248248401843e-07,-0.0011230918493475,0.0010009930870347,-1.916628837128266e-06,-1.02678078210697e-06,0.000376920963007,0.022461180242997,3.1,0.0,0.2161731855101697,180.230581,10.576668,snia-cosmo,norm,1.0,1.0,2019cxe,100.0,10.253,0.1028396810574595,ZTF19aaoyjoz,1.595444105816174,wall,18.17600384945039,18.076227091996223,37.27485937504618,0.004645941063621596,0.002210621364148735,True
ZTF19aaozplq,0.09757121,0.00432782,z_snid,58592.536994743394,0.0005202920044835,0.6337780883178351,-0.0862391777178312,0.0872000949384528,1.6084562624009045e-05,0.1260647618365537,0.0301909066874719,7.799048754730976e-09,0.0023985059589795,-6.283853691456448e-05,-3.763516306441896e-07,-4.039750980472031e-07,0.0001511575188378,0.005680353334435,3.1,0.0,0.999636735494143,208.550212,41.975639,snia-cosmo,norm,1.0,1.0,2019dee,100.0,8.767,0.1358823020117042,ZTF19aaozplq,1.614840854289437,wall,18.844382120034926,19.200452503324698,38.33033308951066,0.00415160804418796,0.07096231822813992,False
ZTF19aapcoqg,0.08263635,1.514e-05,z_gal,58588.92860007266,0.0007168612686988,0.6334825471524067,-0.0366512629232905,0.1456858080164238,2.345043527054048e-05,0.2110691855829811,0.0322465916486207,2.788442439622398e-07,-0.0076824267103054,-0.0003017842133192,-1.3976694151588895e-06,-6.140452381661387e-07,0.0006083148724138,0.0710205614145409,3.1,0.0,0.6920212339453568,112.900532,45.250893,snia-cosmo,norm,1.0,1.0,2019dfi,100.0,10.631,0.1011187420807834,ZTF19aapcoqg,1.8796600445655955,wall,18.496412208697294,18.69871868036083,37.94779373838456,0.0042864795755169615,-0.04823215360962918,True
ZTF19aapcvdi,0.07667719,1.277e-05,z_gal,58586.91365611375,0.0006308232404835,0.9960734936653785,-3.297285414968228e-05,0.4605859871844586,3.354079126704969e-05,0.6805279194595792,0.0465843746522165,3.677015375205503e-06,-0.155950985214597,-0.0039743217054214,-1.5060342903902575e-05,-1.185084502978553e-06,0.0105069989739054,0.0335407697138817,3.1,0.0,0.5114485028891629,131.505343,3.634298,snia-cosmo,norm,1.0,1.0,2019cza,100.0,10.329,0.1014347080638575,ZTF19aapcvdi,1.3451362725294624,wall,18.635230787454958,18.774783292415975,37.77644455734984,0.006357574583247137,0.19918163948023648,True
ZTF19aapcvxi,0.06337326,2.17e-05,z_gal,58588.34508153946,0.0008621729077162,-1.5553685923093594,-0.0531629972608455,0.2450257901509758,4.242650414208705e-05,0.4157593225343118,0.0454256516547806,3.27938903174164e-06,-0.0071263923927378,-0.0041895348791647,-9.183772354339893e-06,-1.6131428133212928e-06,0.0055208617514488,0.0384860384395838,3.1,0.0,0.7249223205501076,142.006118,4.012069,snia-cosmo,norm,1.0,1.0,2019dag,100.0,10.035,0.1318938967503803,ZTF19aapcvxi,1.246497189295294,wall,18.2960140705408,18.24306775912611,37.34266653181922,0.005879528562248891,0.10124413172099211,True
ZTF19aapfktd,0.08436844,0.00291204,z_snid,58595.24664603039,0.0008520536707592,1.3715937200090924,-0.0457726357747051,0.3420857617347792,3.0889169075354014e-05,0.302385545555259,0.0349273061692082,-5.498419894340111e-07,-0.0001034077704144,-0.0009681158655889,-2.2144798324877286e-06,-7.924969558140582e-07,-0.0010292496419126,0.0211703872721807,3.1,0.0,0.8831134151681705,199.876411,-0.992239,snia-cosmo,norm,1.0,1.0,2019dfv,100.0,8.888,0.1104943437466371,ZTF19aapfktd,1.0154278339572187,wall,18.308832620535036,18.642750912237894,37.99538894732467,0.0045742702739008465,-0.15179513067267492,False
ZTF19aaphntn,0.09175941,1.364e-05,z_gal,59054.658952327576,0.0005501050418282,1.002931157290259,-0.0155099771765841,0.122797843945591,1.6628724010376965e-05,0.1172258167439669,0.0276351724907173,6.072781540074561e-08,-0.0043043288400979,-8.745845358751821e-05,-2.2045436052368241e-07,-3.893967400911118e-07,-6.97615765615611e-05,0.0595789994186101,3.1,0.0,0.9086089315314588,252.48716,25.704537,snia-cosmo,norm,1.0,1.0,2020pjh,100.0,8.962,0.1044030650891055,ZTF19aaphntn,1.5295147378408473,wall,18.783885936579722,18.97237722784777,38.1885550601703,0.0041021476538502105,-0.015334927908430829,False
ZTF19aapnzde,0.07086945,1.011e-05,z_gal,58596.4018792756,0.0008322980184742,0.2700384527155219,-0.0692969816250165,0.0715231907743145,2.486446366826089e-05,0.0734769287912546,0.0274416234334758,1.1655065325409112e-07,0.0005960531760069,-0.0002465747939152,-1.3055752006579204e-07,-5.769640450043852e-07,-0.0001898058544179,0.0129736913622295,3.1,0.0,0.0002484486678019,224.451228,34.478189,snia-cosmo,norm,1.0,1.0,2019dku,100.0,9.93,0.1012719112093773,ZTF19aapnzde,1.5922773946675117,wall,18.334302848323148,18.586928874740874,37.59673528208971,0.0040770808370631136,0.19103649706526526,False
ZTF19aapszzy,0.05820294,1.262e-05,z_gal,58596.82367313735,0.001155426344258,-0.6958566861630751,0.031084708981783,0.0614466519473353,3.521086374112673e-05,0.0662719868893124,0.0278934414301493,7.17113219919678e-08,0.0006801179632061,-0.0001126206071409,-1.7867928385561392e-07,-8.39981429924788e-07,-7.746277110669309e-05,0.012205244692913,3.1,0.0,0.999913757446056,223.12534,37.062147,snia-cosmo,norm,1.0,1.0,2019dkx,100.0,10.846,0.1209297316626478,ZTF19aapszzy,1.2322201403182595,wall,17.978144336413884,17.784361802507526,37.14999242821139,0.004119756333568797,-0.16478772128976316,True
ZTF19aaptzar,0.02585792,1.34e-05,z_gal,58597.41582601923,0.0045259619383204,-0.006720725046828,0.0883861015614093,0.1416435787905356,0.0001569507246664,0.1375077978544953,0.0322828282146089,8.527564052393279e-07,-0.0031824683150362,-0.0002937633955953,-3.976203101368073e-06,-4.311889128625338e-06,6.305158776823052e-05,0.0287968812908695,3.1,0.0,0.96365228634802,149.749686,17.818942,snia-cosmo,norm,1.0,1.0,2019dfa,100.0,10.369,0.1028396810574595,ZTF19aaptzar,1.6612250368880916,wall,16.495722756558024,16.2207849402111,35.337637458941735,0.004442599318260849,0.08399038568346684,True
ZTF19aaqhelq,0.05660539,1.479e-05,z_gal,58599.46940935583,0.0013624511177794,-0.8427017682687297,0.0194014983347037,0.1133664923981996,4.224515026511274e-05,0.1413526885827419,0.0294767838262018,1.057721530129763e-07,-0.0025345643468774,-8.257783815668996e-05,-5.82465055015173e-07,-1.0265491162239457e-06,-0.0002258508600892,0.008341026631531,3.1,0.0,0.0004278052814875,168.792048,61.110037,snia-cosmo,norm,1.0,1.0,2019drf,100.0,11.072,0.1546738504078824,ZTF19aaqhelq,1.0682518239158867,wall,17.799197676131968,17.621074783736763,37.08711351030156,0.004158340736734559,-0.2651958221506986,True
ZTF19aaqxcfs,0.07467656,0.00440454,z_snid,58602.32035666148,0.0009065614567854,0.6215141832359905,-0.0473468635074685,0.1397748483104806,2.821104641009061e-05,0.1430826758611857,0.02931304250209,-2.512175545510828e-07,-0.001857473334961,-1.378368030008378e-06,-5.859347332721086e-07,-6.71732943358583e-07,-0.0003478090806,0.0144659014804237,3.1,0.0,0.9957669527840888,149.242037,45.228984,snia-cosmo,norm,1.0,1.0,2019drk,100.0,8.804,0.1041201229350023,ZTF19aaqxcfs,1.2311252878814911,wall,18.241506873190154,18.475294135716346,37.71605548554122,0.0041665436676801065,-0.039918445410770276,False
ZTF19aardunx,0.04295695,1.551e-05,z_gal,58601.21252200071,0.0012809679949734,-0.3460616491968336,0.2342031144170023,0.2277952791228017,4.615926331708454e-05,0.1355894912465557,0.0319433192865338,6.874227143092454e-07,-0.0122190837914453,-0.0008932305364019,-1.1261085320495672e-06,-1.2385803299692924e-06,-0.000103052920737,0.0429147353594661,3.1,0.0,0.0669976019356333,233.861868,8.386483,snia-cosmo,norm,1.0,1.0,2019dpw,100.0,10.309,0.1151043005278256,ZTF19aardunx,1.4189625053881116,wall,17.866154302453438,17.091676016873176,36.4668842967652,0.004555699075825107,-0.17436537547792297,True
ZTF19aarflsx,0.0808956,1.324e-05,z_gal,58603.537120922265,0.0004921480800115,-0.4684207798423525,0.1201709664425261,0.2016985036643745,1.6751077146651063e-05,0.2015492245435908,0.0351075657573766,2.896071118564259e-07,-0.0090654235192423,-0.0004489928816221,-6.335506908922909e-07,-4.381825325186624e-07,-0.0013426964132679,0.027201383950947,3.1,0.0,0.1360960355870536,172.011732,16.668903,snia-cosmo,norm,1.0,1.0,2019dtb,100.0,10.0,0.1209297316626478,ZTF19aarflsx,1.7027926760777896,wall,18.904760512106524,18.466651606956763,37.89899269127173,0.004390659805011368,-0.23149817990086474,True
ZTF19aarfnto,0.08525728,2.324e-05,z_gal,58599.16427884239,0.0004946585186735,-2.0453420660383994,-0.0770334494713782,0.2720174944879545,1.602470588221304e-05,0.214974210737557,0.034914248812128,1.1300040531596057e-07,-0.0072497589673321,-0.0017736806288275,-1.9992395434125377e-07,-4.18230770386953e-07,-0.0013472956189806,0.0166503510071804,3.1,0.0,0.529855154312628,215.510948,30.067017,snia-cosmo,norm,1.0,1.0,2019drp,100.0,10.533,0.1122541758688735,ZTF19aarfnto,1.4678227512037025,wall,18.89923626849292,18.851692072608817,38.01945269337189,0.004262136980908232,0.0330822836510295,True
ZTF19aarinmw,0.05074154,1.554e-05,z_gal,58603.79556502949,0.0015066100829035,-0.0563104396937938,0.0616912852087805,0.1554871051121154,5.1596375098717385e-05,0.1487711190298712,0.0301235588619485,2.344053437848899e-07,-0.0053930121733245,-0.0001219989772197,-1.8382861941757347e-06,-1.272643581559884e-06,-9.772773731347786e-05,0.031196051846621,3.1,0.0,0.0363425592546465,224.325148,11.307414,snia-cosmo,norm,1.0,1.0,2019duh,100.0,10.361,0.136561341528267,ZTF19aarinmw,1.3217186953882318,wall,17.6899978260056,17.49087138030125,36.84062586357617,0.004407564124732579,-0.1489115788608194,True
ZTF19aariwpf,0.07398014,6.156e-05,z_gal,58602.586538955016,0.0005792947710545,-1.7386573101704086,0.0046590673132873,0.1748784081864869,1.8946888491220583e-05,0.1416867208164796,0.0308589324044012,2.708562391777762e-07,-0.0071930228322005,-0.0005594067752429,-3.937107069498505e-07,-4.647394544237165e-07,-0.0003849051161281,0.0254761074975622,3.1,0.0,0.3389771536184869,202.384254,7.00508,snia-cosmo,norm,1.0,1.0,2019duj,100.0,10.106,0.1014347080638575,ZTF19aariwpf,1.2122842075034073,wall,18.727750978995864,18.469895846900815,37.69467047164929,0.004286029427579155,-0.02393172033437152,True
ZTF19aarixue,0.06467668,0.00295677,z_snid,58608.90387789668,0.0012413248265059,0.8123322387993887,-0.0320199358848009,0.0976380777174199,4.095432758233317e-05,0.1141179456973892,0.0288480770793287,6.463407084722449e-07,-0.0013017910852774,-0.0004338502841457,-1.3946613958427296e-06,-9.892328901677615e-07,0.0001930794741922,0.0156196341789872,3.1,0.0,0.9806948508992844,210.161854,15.193347,snia-cosmo,norm,1.0,1.0,2019edu,100.0,8.631,0.1096585609973065,ZTF19aarixue,1.127965568007637,wall,17.900286396575446,18.11327471125024,37.388849181025385,0.004308149788607752,-0.07473156536104197,False
ZTF19aarlefl,0.04346136,1.362e-05,z_gal,58606.95351129042,0.0039620091602267,0.1776403290568811,0.0030139435019773,0.1084266772668343,0.0001373983491289,0.117386698781772,0.0295107963186782,2.78456574225348e-06,-0.0024835873065055,-0.0005889032998613,-5.552166651406666e-06,-3.405084934843365e-06,0.0003563316308426,0.0320143038357548,3.1,0.0,0.9558753931173348,240.406628,16.435978,snia-cosmo,norm,1.0,1.0,2019due,100.0,10.726,0.1041201229350023,ZTF19aarlefl,1.423608066120476,wall,16.640211311751813,16.655737732963644,36.49302126909734,0.004442688180436007,-0.6364406317195949,True
ZTF19aatgrxv,0.04791134,1.052e-05,z_gal,58616.54449073527,0.0015287595874344,-0.556801226149129,-0.0474164524252582,0.1248153421292954,6.372713615354446e-05,0.1642468118069359,0.0356569204555185,1.8609756222032963e-06,-0.0096868213131702,-0.0005812492167682,-5.991556652991508e-06,-1.8987772967209705e-06,0.0018249976097073,0.0146666564937424,3.1,0.0,0.7426668578148234,172.427518,24.640212,snia-cosmo,norm,1.0,1.0,2019ens,100.0,8.805,0.105304320899002,ZTF19aatgrxv,0.5857792096753907,void,17.674152015801983,17.743190846659406,36.71161947500396,0.005073420232345912,0.232414276069551,False
ZTF19aatgznl,0.06698832,1.729e-05,z_gal,58617.15375823863,0.0008537217913497,-0.4027791858309862,0.0029326583008629,0.0672956433845684,2.601501761202192e-05,0.0642766687490656,0.0275289709786774,2.202619988692818e-07,-0.000718181088268,-0.0002143946854248,-1.6586550861968586e-07,-6.115269260164762e-07,-7.741248690026427e-05,0.005653409593592,3.1,0.0,0.8394071761777314,213.048435,40.098627,snia-cosmo,norm,1.0,1.0,2019ekb,100.0,10.221,0.1187265766372466,ZTF19aatgznl,1.4651504329159681,wall,18.306709082547073,18.24122875579806,37.46859829984654,0.004119621954678136,-0.02652663963438029,True
ZTF19aauguzk,0.05359127,1.165e-05,z_gal,58622.527478050295,0.000989133306091,-0.6326362565963143,0.1348502210154996,0.1252246444200864,4.219763786572915e-05,0.2010333989278068,0.0348638393446008,-1.0101419786740166e-06,0.0057454898442299,0.000510623689964,-4.711896510159647e-06,-1.2535396933008367e-06,0.0022517212768966,0.0152107295424955,3.1,0.0,0.5344905968313407,154.758712,38.373961,snia-cosmo,norm,1.0,1.0,2019evg,100.0,10.847,0.1059481005020854,ZTF19aauguzk,1.4272486967071802,wall,18.146862935824192,17.64025817475266,36.963669602063014,0.0051704345495821365,-0.12256852289625242,True
ZTF19aauitks,0.09762202,1.051e-05,z_gal,58625.58940635241,0.0004959659837786,0.8291377425195431,-0.1192884383918215,0.2391843156801769,1.7619072522992164e-05,0.1907205822274515,0.0322483562490096,-1.2314793826190629e-06,-0.0112925567596224,0.0009034720186905,-9.003747617927024e-07,-4.6929838593365844e-07,0.0007219620600577,0.0182015714054199,3.1,0.0,0.860373853816813,200.261009,20.098774,snia-cosmo,norm,1.0,1.0,2019fcm,100.0,9.215,0.1014347080638575,ZTF19aauitks,1.0342914221432693,wall,18.89637027230197,19.38224371526935,38.3315369116719,0.004512684863104716,0.2515497080115553,False
ZTF19aauivtj,0.07484424,0.00294109,z_snid,58625.80814385939,0.0009098705322306,0.538545775416449,-0.04020349340045,0.2407042287777585,4.0567522320640224e-05,0.2338115448871181,0.0348970290373334,-2.4406658136626383e-06,-0.0031251549740156,0.0009498481464728,-4.826533693810794e-06,-1.1447190036311605e-06,0.0016295148256399,0.0234182785625628,3.1,0.0,0.8526458313036225,202.189023,6.698701,snia-cosmo,norm,1.0,1.0,2019faq,100.0,9.243,0.1062826420446913,ZTF19aauivtj,1.2649223458538097,wall,18.237551000345604,18.4375782384453,37.72117594586055,0.005368399904002362,-0.08275480300114835,False
ZTF19aaujiwc,0.03308251,1.347e-05,z_gal,58621.10826596521,0.0020840790004508,0.2868709758829784,0.2569565911031336,0.1153973485743335,7.988745824627562e-05,0.146667764580895,0.0315165259017941,5.968991546699584e-07,-0.002390517602084,-0.0002451301065267,-4.830707097995918e-06,-2.15093536779288e-06,0.0007990598484605,0.0231461069972695,3.1,0.0,0.4813117879380342,218.128411,8.540717,snia-cosmo,norm,1.0,1.0,2019evz,100.0,10.222,0.1136485811614029,ZTF19aaujiwc,1.2786674672461718,wall,17.337714556030175,16.581311060234075,35.884172954906816,0.004757118067973612,-0.10201899025863936,True
ZTF19aaumvig,0.04218064,0.00608276,z_snid,58628.127252209175,0.0012145489747485,0.3181067049317028,0.1904335953500261,0.1125392068788642,4.13859885661248e-05,0.0857289276300926,0.0285570195322614,-9.711900531365188e-07,-0.001252971032202,0.0003515539829779,-8.159024756010303e-07,-1.0340257708538616e-06,0.0002326806024384,0.0299450980665204,3.1,0.0,0.2940786122467065,249.451108,25.789499,snia-cosmo,norm,1.0,1.0,2019fdf,96.3768115942029,8.681,0.1008414597276338,ZTF19aaumvig,1.4830808992660838,wall,17.923962420685225,17.378153213790583,36.42606963398967,0.004393753502040889,0.15292648421501498,False
ZTF19aauoulb,0.05366634,1.472e-05,z_gal,58623.55115193195,0.0009808952316453,-1.8811524609211776,-0.0342209462756433,0.236848462584021,5.078855969683572e-05,0.3096141016442723,0.043923135174291,-1.1964119892870502e-06,-0.0263882251281563,0.0015134932134621,-8.048205374983433e-06,-1.8274976660005456e-06,0.0030986317861105,0.0148234440754602,3.1,0.0,0.9820267492371878,159.1362,45.279633,snia-cosmo,norm,1.0,1.0,2019fjt,100.0,10.9,0.1379311422413372,ZTF19aauoulb,1.7063011366238898,wall,18.15594344166266,17.99866703058819,36.96682468912556,0.006185350035947258,0.23268524587673356,True
ZTF19aauplxw,0.08781504,1.738e-05,z_gal,58623.95974359165,0.0005251159383373,-0.4889071833847396,-0.0497011552334564,0.1723093712425907,2.3196033835481305e-05,0.2468632284165229,0.0362424915459336,-1.4310576483231072e-07,-0.0079117266658594,-1.3859404945434212e-05,-3.3973638749622827e-06,-7.125747983218292e-07,0.0033133351554124,0.0404746985285835,3.1,0.0,0.410004776691524,228.032681,1.060512,snia-cosmo,norm,1.0,1.0,2019fcw,100.0,9.724,0.1030776406404415,ZTF19aauplxw,1.0977547886448082,wall,18.83436199947903,18.91998857502888,38.08739010634855,0.005325200569668842,0.03344137309443285,False
ZTF19aauvjws,0.09352624,2.949e-05,z_gal,58630.23239054337,0.0007779839203244,0.6829213810640401,-0.0155325468090518,0.233245156952762,2.567328719765377e-05,0.2126489237437568,0.0305604332417992,-1.4496775077571726e-06,-0.0079597190785503,0.0007429210617351,-1.0569506336338949e-06,-6.567389704606307e-07,0.0006917043467589,0.0083653816301582,3.1,0.0,0.0901539238960379,187.990559,35.853867,snia-cosmo,norm,1.0,1.0,2019fyf,100.0,10.56,0.1069766329625306,ZTF19aauvjws,1.5624574923200885,wall,18.407573447713922,18.55133333617095,38.23253733828727,0.004308720144623841,-0.48036109770222224,True
ZTF19aavhypb,0.0680414,1.042e-05,z_gal,58636.93781374114,0.0012311491521671,0.7761410522263442,-0.1176437687788557,0.0601878904672048,3.526971584848866e-05,0.0504608633903692,0.0257984591734698,1.4607673734143897e-07,-0.0007892627046996,-0.0001651643800893,2.0256487733477243e-07,-7.859571148276756e-07,-0.0002242761885377,0.023232720917285,3.1,0.0,8.110033644307518e-06,219.641659,50.087226,snia-cosmo,norm,1.0,1.0,2019fyj,100.0,9.875,0.1014347080638575,ZTF19aavhypb,1.4231166204037407,wall,17.90922332413147,18.38257875465761,37.50405612117362,0.0039924559964782955,0.07936553789809453,False
ZTF19aavkhuy,0.03619268,0.0031305,z_snid,58635.32332022306,0.0015444186146648,-1.3666142514343695,0.0820629911446551,0.1266402553774241,4.965283829461023e-05,0.120143535230504,0.0307785776027254,3.6859008942732404e-07,-0.0009597481717785,-0.0003064315654543,-5.169914136828724e-07,-1.2886736411559288e-06,-1.6571305442473665e-06,0.0189713903884883,3.1,0.0,0.9969775451110988,170.71782,34.168594,snia-cosmo,norm,1.0,1.0,2019fpf,100.0,8.96,0.1569745202254175,ZTF19aavkhuy,1.5588143704753694,wall,17.663087431312206,17.21736616356296,36.084202302697406,0.004243447280697264,0.33400676527965645,False
ZTF19aavlnjz,0.08463801,0.00047911,z_nonSEDm,58635.05310175147,0.0005407319259428,0.1642008968853632,-0.018269175672913,0.325272157038853,1.7089410973185847e-05,0.2818874127842783,0.0307908424607623,-5.175591376470198e-07,-0.0386076455248015,0.0012530841399707,-2.9819136461641226e-07,-4.379370118206372e-07,-2.4335610764704884e-05,0.0216837090597109,3.1,0.0,0.1320021846076889,212.510673,4.429719,snia-cosmo,norm,1.0,1.0,2019gcu,100.0,8.906,0.1049952379872535,ZTF19aavlnjz,2.292668577502704,wall,18.8025449700342,18.882167540184184,38.00271247951284,0.004202440049838608,0.08029796508544906,False
ZTF19aavnwxf,0.04702124,1.221e-05,z_gal,58643.714362916304,0.0018374041443335,-0.9339870438295936,-0.0709875802770059,0.0597188994652242,5.6422222788853104e-05,0.080417987746887,0.0277437950775005,5.12780698510904e-07,0.0001201665247346,-0.0003096467805207,-5.192084463246052e-07,-1.3404186056669622e-06,-2.220927182264316e-06,0.0177879344373229,3.1,0.0,0.216191203251056,189.898241,45.37716,snia-cosmo,norm,1.0,1.0,2019gci,100.0,10.382,0.1017889974407843,ZTF19aavnwxf,1.1446510109288761,wall,17.474488270980697,17.56379158370327,36.66951708645679,0.004136577224158592,0.09511740166057991,True
ZTF19aavnwyt,0.04614211,1.078e-05,z_gal,58644.66839021527,0.0012978016186435,-1.4869438022312174,0.0207456613595295,0.101897514599841,4.308322238652149e-05,0.1270352382329924,0.031649561258622,5.175332823448818e-07,0.0041075556622014,-0.0004289521422633,-8.370442385310649e-07,-1.1275099771550836e-06,-2.3033491041215388e-05,0.0043750966590975,3.1,0.0,0.951449026836884,163.775938,57.64892,snia-cosmo,norm,1.0,1.0,2019gcj,100.0,9.15,0.1033247308247159,ZTF19aavnwyt,1.4663429840415163,wall,17.85197922129094,17.57949553876403,36.62716801339735,0.0043241173242621845,0.15317042978077866,False
ZTF19aavnxwj,0.07548971,1.052e-05,z_gal,58645.03923914984,0.0007314954468973,0.7324289474778841,-0.0229008638293189,0.1297587623521394,2.573383170480475e-05,0.1765142091972093,0.0311540373394499,9.502725246060208e-07,0.0023629040271198,-0.0009025312961197,-1.602886168800043e-06,-6.761219412174967e-07,0.0011037903739737,0.0164146360679529,3.1,0.0,0.0726807233238482,191.958629,41.857251,snia-cosmo,norm,1.0,1.0,2019giu,100.0,9.944,0.1019803902718557,ZTF19aavnxwj,1.2788580228650799,wall,18.47447093185601,18.648003662373803,37.74078485874568,0.0044839294741858965,0.10806170804222803,False
ZTF19aavoiyc,0.04651759,1.348e-05,z_gal,58646.25023679443,0.0002664056197376,0.7055603974412021,0.6381639362830639,0.2124653912323992,1.1173692058645616e-05,0.2180589400574183,0.0347780474700309,1.1068458034702737e-07,-0.0060622080345696,-0.0004197588371754,-7.045132182530369e-07,-3.405754735080027e-07,0.0008465505893808,0.0327246091907364,3.1,0.0,0.9421938573832658,239.77326,19.801369,snia-cosmo,norm,1.0,1.0,2019gjq,100.0,10.187,0.1014347080638575,ZTF19aavoiyc,1.3754609259095028,wall,19.571141545270038,17.69161179843431,36.64535040690211,0.005098744621607533,0.2471042959463,True
ZTF19aavrswr,0.03276714,0.00330189,z_snid,58645.49597072912,0.0023563530205565,-1.984730527846729,0.0387488446327275,0.125262413497694,8.47414516149407e-05,0.1326628713183607,0.033759395424591,6.775978819312169e-07,-0.0004053080510667,-0.0002548955900774,-2.5126044454443342e-06,-2.3657474773295287e-06,0.000212494893976,0.0313037564310221,3.1,0.0,0.2105918133508567,229.152975,7.066786,snia-cosmo,norm,1.0,1.0,2019gcw,100.0,,,ZTF19aavrswr,1.7439755041617522,wall,17.20439911133101,16.806415419071012,35.86287344422317,0.0045496133818128245,0.144384879261945,False
ZTF19aawafvn,0.07113119,1.006e-05,z_gal,58649.133757009055,0.0009798730115374,0.5828259120672596,-0.0566496362687067,0.0594552478178229,2.967196596233485e-05,0.0963225975515123,0.0272877286547435,8.549817706032814e-08,0.0013192771735046,-8.763210089757907e-05,-5.590998419614767e-07,-6.946731015449045e-07,0.0002533587266682,0.0121226001061627,3.1,0.0,0.9283444888750066,219.31502,30.165841,snia-cosmo,norm,1.0,1.0,2019gwb,100.0,8.978,0.1077032961426901,ZTF19aawafvn,1.10678589673384,wall,18.157075509651612,18.41428500977402,37.6051328111865,0.004105940258326653,0.009995103001620875,False
ZTF19aawgfnn,0.05298072,1.095e-05,z_gal,58644.5598940619,0.0008122995936893,-0.4587353944854628,0.2487631212551279,0.1141706278649508,2.90563062764762e-05,0.1483396867859017,0.0310997047232787,2.906072231057238e-07,0.0007005444223557,-0.000108290030472,-1.3710853251058828e-06,-7.707159585012129e-07,0.0007662987287158,0.0231033961718967,3.1,0.0,0.784069323600191,220.102796,9.50171,snia-cosmo,norm,1.0,1.0,2019gsh,100.0,10.097,0.1141271221051332,ZTF19aawgfnn,1.3029742400003188,wall,18.36070940999717,17.52532077887831,36.93784925747515,0.004533332112436665,-0.21168557418273848,True
ZTF19aawhniz,0.07136885,1.802e-05,z_gal,58645.801126791965,0.000507466821564,-2.607759603587339,-0.0422705262941696,0.0742190583914634,1.6936727197052902e-05,0.1538840848781351,0.0302559597996696,4.4303395326881926e-08,0.0050009444303437,-0.0001374720030138,-7.345169529698871e-07,-4.378941088050437e-07,0.0007559825650459,0.014936486794521,3.1,0.0,0.4456939854202123,211.810084,49.0938,snia-cosmo,norm,1.0,1.0,2019gvw,100.0,10.653,0.1198165264060012,ZTF19aawhniz,1.595924000260667,wall,18.871480867195512,18.637433154205212,37.61273216664366,0.004338083422170739,0.22554389197565372,True
ZTF19aawnqoj,0.06480517,1.023e-05,z_gal,58650.13290724729,0.0010882485180052,1.1521588617583651,-0.0004506905004477,0.1818302264364319,3.9042684984108914e-05,0.2469669486403126,0.031733477215391,-2.376499667172517e-07,-0.0012575401763567,7.300362397238576e-05,-3.845217607470923e-06,-1.0304084441648447e-06,0.001520618325122,0.0457778772221964,3.1,0.0,0.8518077972239841,233.21466,6.294528,snia-cosmo,norm,1.0,1.0,2019gxg,100.0,9.32,0.1011187420807834,ZTF19aawnqoj,1.0542556126305804,wall,18.043179788998895,18.205879170196454,37.3933532819793,0.004542301280946498,0.013368792631254123,False
ZTF19aaxeetj,0.05508536,1.555e-05,z_gal,58653.33094988254,0.0015297480126873,-0.0515166512615861,-0.0279494707626476,0.4009561181956087,9.171104965031496e-05,0.365681763568581,0.0504098846211354,-5.993856172529465e-07,-0.0779831140452474,0.0017177330485642,-2.034233376534081e-05,-4.208579999679594e-06,0.0089277449318161,0.0185161936693904,3.1,0.0,0.9657180014593384,197.98926,44.815019,snia-cosmo,norm,1.0,1.0,2019hib,100.0,9.872,0.1011187420807834,ZTF19aaxeetj,1.5956504209111593,wall,17.673450255819375,17.75288128400696,37.02567556530701,0.0072619386223157,-0.0719513768859491,False
ZTF19aaypehm,0.11635686,1.088e-05,z_gal,58657.91240498279,0.0004604905708022,1.143642623689951,-0.0366440362433544,0.2430990973116422,1.5742381315743154e-05,0.2347761499055863,0.0322722594961029,-1.904546633399131e-07,-0.0053546121856457,-6.986475370604454e-05,-1.035508354860098e-06,-4.1851787041462593e-07,0.0008053308315157,0.0369133441120486,3.1,0.0,0.698923745049042,239.360122,29.52793,snia-cosmo,norm,1.0,1.0,2019hup,100.0,9.491,0.1100727032465361,ZTF19aaypehm,1.409362824346987,wall,18.976948145429496,19.250654625100488,38.7394362880575,0.004402678915429501,-0.28793875854290774,False
ZTF19abahvdh,0.07740003,0.0035609,z_snid,58667.00981666505,0.0009586271592945,0.7475927169055957,-0.1046946206008638,0.1631065446563298,3.4146878957370843e-05,0.2089175925750098,0.0324207052783541,8.379357778380973e-07,-0.0010481003071163,-0.0007135466156843,-2.664160147053677e-06,-9.05297973882974e-07,0.0010468057208967,0.0340279405624596,3.1,0.0,0.1091999689261425,232.864369,7.09526,snia-cosmo,norm,1.0,1.0,2019hxb,100.0,8.68,0.1141271221051332,ZTF19abahvdh,1.1960922256316557,wall,18.180875677447148,18.610091981676607,37.79789370734472,0.004520723138273481,0.013041178745989312,False
ZTF19abakjao,0.06134945,1.731e-05,z_gal,58670.470930878495,0.0010212265474317,-0.1519773794650669,-0.0469470536021489,0.1106124826474115,3.260463579869547e-05,0.1447878873913069,0.0303848566908112,1.5745715198402745e-07,0.00307829257823,-0.000166567320764,-9.603349067005978e-07,-7.981129144598023e-07,1.3541839126043784e-05,0.0096420147273832,3.1,0.0,0.7581963075283166,209.029997,37.564366,snia-cosmo,norm,1.0,1.0,2019iei,100.0,8.741,0.1026109155986827,ZTF19abakjao,1.9410175818407691,wall,18.112194759901456,18.236453792943006,37.26911675999523,0.004226608950609633,0.1681799373618803,False
ZTF19abakjci,0.06721228,0.00310846,z_snid,58667.29682645401,0.000719612403727,0.6697087469119318,0.0697385690770816,0.1730117047009116,2.647087868149953e-05,0.1937697954770872,0.0360415839620283,-5.640338571154413e-07,-0.003728174292383,0.0006937389914853,-1.975541203359374e-06,-7.785109701021856e-07,0.0014864731541387,0.0174100937258894,3.1,0.0,0.0191319963845318,190.123619,42.041843,snia-cosmo,norm,1.0,1.0,2019ief,100.0,7.541,0.1861424185939357,ZTF19abakjci,1.489850036794532,wall,18.492253398670005,18.36982305909872,37.476183730959264,0.0046201005843706094,0.09448223255355914,False
ZTF19abaosan,0.04723554,1.44e-05,z_gal,58673.27796866529,0.0020785497683261,0.4146415418059964,-0.0575239750057279,0.1077796908029995,6.815653200979515e-05,0.1366465663823862,0.029612801738047,1.4414237433422636e-07,-0.0018813806812697,-4.2425502565742726e-05,-2.5526014836751504e-06,-1.7157041473440866e-06,0.0005407431313708,0.0323750187174835,3.1,0.0,0.1236715252644195,229.810693,7.866385,snia-cosmo,norm,1.0,1.0,2019igg,100.0,10.283,0.1033247308247159,ZTF19abaosan,1.5995827310039523,wall,17.340598930960766,17.576973069331363,36.67972381974687,0.004292484780485911,0.09809215399859583,True
ZTF19abaukyt,0.07160162,2.256e-05,z_gal,58667.923278042654,0.0004510147733593,-2.275516418912205,0.2673109023948032,0.110520918842667,1.4539875765117778e-05,0.1452168323432796,0.0314733013367231,-2.0961529064450245e-07,0.0047891759143169,0.000476813009603,-3.352279106516143e-07,-3.755062379682865e-07,0.0003643745889752,0.006795670147509,3.1,0.0,3.137565090614893e-07,245.605104,44.78554,snia-cosmo,norm,1.0,1.0,2019kdf,100.0,10.963,0.1494021418855834,ZTF19abaukyt,1.3925497531528013,wall,18.999523080541564,17.852286984469966,37.62015169922648,0.0042501478320583815,-0.5670218103424146,True
ZTF19abauzma,0.07079154,1.352e-05,z_gal,58672.20525969186,0.0006610494796034,-0.2998013899394229,0.0674689709814057,0.1455876083637122,2.359734688504693e-05,0.1845557186377555,0.0308813668313663,3.894361659399121e-07,0.0011669143194467,-0.0005113327445154,-1.451689869676742e-06,-6.174624689905342e-07,0.0009878973486291,0.0333646548214707,3.1,0.0,0.732569179211501,239.113313,19.168425,snia-cosmo,norm,1.0,1.0,2019iln,100.0,10.567,0.1059481005020854,ZTF19abauzma,1.1162330603143975,wall,18.584415080807506,18.333289076173628,37.59422991912046,0.004527128403371222,-0.06009793853272838,True
ZTF19abcfzdy,0.08749338,4.092e-05,z_gal,58676.22963085724,0.0004689423082044,-0.1662290551474325,-0.0194269493739757,0.1476619957466027,1.7809779787226576e-05,0.2312802345606169,0.0337163478871895,-1.940136078716893e-07,0.0167635915612182,0.0003067947183519,-2.0214828084462224e-06,-5.146577520386431e-07,0.0032158060638719,0.0079964004291687,3.1,0.0,0.8491245912648269,219.281369,33.125753,snia-cosmo,norm,1.0,1.0,2019kpb,100.0,9.964,0.107335921293852,ZTF19abcfzdy,1.1392473250962645,wall,18.957201458082395,18.99415293342108,38.07895069087048,0.004725305288244759,0.11604514696470447,False
ZTF19abcvrpm,0.09772328,0.00347023,z_snid,58680.14603235848,0.0004670440999322,0.7497354990340572,-0.0742246940784116,0.0592175915626285,1.36960657422507e-05,0.0811254497786436,0.0272037358560647,4.376436760026275e-08,0.0013349176649184,-8.6189883203405e-05,-8.308585683868247e-08,-3.171829429691284e-07,-5.0404237838673934e-05,0.0097749038041501,3.1,0.0,0.2439850074851232,247.505392,36.964699,snia-cosmo,norm,1.0,1.0,2019kvl,100.0,8.021,0.1508940025315784,ZTF19abcvrpm,1.4685781409578673,wall,18.961605274746592,19.296664796254436,38.333934257037924,0.004038735192817174,0.16357344363061388,False
ZTF19abdmfgf,0.07870752,1.345e-05,z_gal,58677.452197787694,0.0006421403801315,-1.1746381383183295,-0.0604606901610714,0.1976232466113288,2.878697592022072e-05,0.3676795766707825,0.0419128927446046,-1.4654344328755525e-06,0.037879135575471,0.0016556276180162,-5.673412720542726e-06,-9.443604340365516e-07,0.0043529773090832,0.0337054790962729,3.1,0.0,0.7898718767668255,227.13523,5.843453,snia-cosmo,norm,1.0,1.0,2019kzd,100.0,10.873,0.1318938967503803,ZTF19abdmfgf,1.6742367874695843,wall,18.6159250480055,18.638903848140256,37.836209847615834,0.005394085678641153,0.003536904938523988,True
ZTF19abdvpfj,0.09265461,0.00152286,z_SEDm,58682.02180921777,0.0005350251809334,0.1990778440260613,-0.0644645053542596,0.0983299565850757,1.69745904467605e-05,0.1461905081706501,0.029965789288361,2.615770289443588e-08,0.0029320212723485,-0.0001141812667891,-6.811019552743713e-07,-4.2289596458778097e-07,0.0006937987136198,0.0205083865323101,3.1,0.0,0.9719982188741936,247.810802,34.366661,snia-cosmo,norm,1.0,1.0,2019kfj,100.0,9.612,0.1023914058893616,ZTF19abdvpfj,1.1916135953672502,wall,18.81406444362417,19.041775308386022,38.21093908419235,0.004211584863941951,0.031679128607776774,False
ZTF19abetjcx,0.05713162,1.726e-05,z_gal,58677.89895345502,0.0009286819936869,-1.967625620900144,0.0011718943370698,0.2211423783301143,4.538256906368187e-05,0.3070986894333275,0.0441783340536176,5.067487924528813e-07,0.0031344952641759,-0.0002406228814741,-5.29892166641185e-06,-1.6672585789070651e-06,0.0020942683016509,0.0707382222692437,3.1,0.0,0.3393964502703556,245.795041,0.810753,snia-cosmo,norm,1.0,1.0,2019kvq,100.0,10.824,0.1262101422231985,ZTF19abetjcx,1.878044265280405,wall,18.215332437379594,17.936231978008657,37.108012696792684,0.005840092983526602,0.02906218563007401,True
ZTF19abfaqqo,0.10120949,0.00488262,z_snid,58685.11800019026,0.0005208058729369,0.832654868631294,0.0555967871204399,0.3758091403178696,2.015334291201326e-05,0.5358799647168804,0.0465502245655957,-7.560345781492785e-07,0.046718151892764,0.0031353542228526,-3.482982263538523e-06,-5.449198538912915e-07,-0.0053189417247349,0.0069415862900523,3.1,0.0,0.4958290572982059,197.311181,51.585865,snia-cosmo,norm,1.0,1.0,2019lfb,100.0,,,ZTF19abfaqqo,1.0520333112786409,wall,18.843310317581484,18.7875319591165,38.41506799050265,0.00479018847431426,-0.42669312697204786,False
ZTF19abfdsbu,0.09504798,1.38e-05,z_gal,58683.09326113456,0.0004796068843229,0.5583389384198052,-0.0166370330265799,0.2074187141515722,1.6757190221865253e-05,0.2827740575619195,0.0338230782930797,-3.908094318006934e-07,0.0170041894786359,0.0010712295380324,-1.5383961642382649e-06,-4.330516450865966e-07,0.0003714136295632,0.0243206220369309,3.1,0.0,0.7721155237034607,224.799379,48.349143,snia-cosmo,norm,1.0,1.0,2019lfe,100.0,9.429,0.1033247308247159,ZTF19abfdsbu,1.5553428881658444,wall,18.93278647906022,19.062528732821388,38.26979096019263,0.004464064376407015,-0.0064193229571399835,False
ZTF19abfdszw,0.04169885,9.393e-05,z_gal,58684.79317014186,0.0012686503363507,-1.195744090904718,0.1072513801315165,0.1591824278875719,4.708480607108724e-05,0.2154133458590844,0.0381629293866777,5.103578745079476e-07,0.0037292588903764,0.0003839591025591,-2.282981453923821e-06,-1.3736491756415248e-06,-0.0002850002165942,0.0138090133186683,3.1,0.0,0.3480436745885293,217.948939,55.945875,snia-cosmo,norm,1.0,1.0,2019lfv,100.0,10.92,0.1041201229350023,ZTF19abfdszw,1.7488825421960998,wall,17.87664515264109,17.37676170150673,36.40037051307141,0.004648776807672659,0.17723409284942393,True
ZTF19abggnnp,0.08126938,1.028e-05,z_gal,58687.07435323564,0.000457392925132,-0.5495645964644387,0.020298682999565,0.125030667939427,1.3880228789426284e-05,0.1510691946897336,0.0289042961786115,1.7967461193544237e-07,-0.0043770378388704,-0.0001950573656219,-2.636745243772591e-07,-3.252069292666688e-07,-8.920975443631091e-05,0.016743885593174,3.1,0.0,0.2212969165390375,241.895069,48.034948,snia-cosmo,norm,1.0,1.0,2019lal,100.0,9.688,0.1019803902718557,ZTF19abggnnp,0.6564557763059593,void,18.984276393157323,18.84441143235365,37.90955528687262,0.004110582925346458,0.13569904989513348,False
ZTF19abgppki,0.06095967,1.08e-05,z_gal,58692.86051030376,0.0006421215776345,-0.3574095859920198,0.1564278394209403,0.0879833966173464,2.0515439584869403e-05,0.1148409655952693,0.0293804257206983,7.476773165063949e-08,0.0030538580569511,-0.0001170087840613,-4.621200522545484e-07,-5.028276464995916e-07,0.0002285468493561,0.0266909080222213,3.1,0.0,0.0321207862300802,243.570899,30.999444,snia-cosmo,norm,1.0,1.0,2019lpd,100.0,10.572,0.1030776406404415,ZTF19abgppki,1.8148645946483573,wall,18.615956839886604,18.080993195642804,37.25468355799539,0.004228305123693607,0.027152542061514295,True
ZTF19abhzewi,0.03686623,1.182e-05,z_gal,58702.17968148576,0.0027815375779591,0.3921083762567263,0.0226553062643191,0.1334583051429945,9.720001784595256e-05,0.1190962362899084,0.0324187740384317,-8.44916668154834e-07,-0.0024667658986806,-4.836471543360637e-05,-3.078146936600606e-06,-2.570049039508524e-06,-4.239428432807869e-05,0.0216836084802028,3.1,0.0,0.6093245045817207,227.764014,52.050168,snia-cosmo,norm,1.0,1.0,2019lyb,100.0,10.666,0.1049952379872535,ZTF19abhzewi,1.6197726362187321,wall,17.024287671152177,17.00895139440873,36.12530430353813,0.004464499327071093,0.08448999528470169,True
ZTF19abitbcj,0.04429149,1.538e-05,z_gal,58705.35684641509,0.0025407058740094,0.9650094866974362,-0.0833564715159539,0.0934127210821316,7.566649450178116e-05,0.0695711808961208,0.0269260708395783,-7.657545305772508e-08,-0.0017424620442683,-5.4904026703345686e-05,7.436907751259779e-09,-1.7358418806822182e-06,-0.0002056115323405,0.0134435181730605,3.1,0.0,0.7169250831050025,239.881104,43.429585,snia-cosmo,norm,1.0,1.0,2019lwe,100.0,8.72,0.1084619749036499,ZTF19abitbcj,1.5935198936081862,wall,17.12261402085322,17.516120410690316,36.53540108600937,0.004070555486407992,0.18156222909504593,False
ZTF19abjslyw,0.04436423,1.011e-05,z_gal,58706.22299911554,0.0007830289993707,-0.3178396789750844,0.1498500705049811,0.3626566267121234,4.3715411575971056e-05,0.3635958790164396,0.0512655112667597,-7.667697812429306e-06,-0.0088572563787524,0.0098547315895308,-6.228347993821257e-06,-1.9402847727745084e-06,0.0033011718767954,0.0175196911662133,3.1,0.0,0.9642856575849524,221.383161,43.24201,snia-cosmo,norm,1.0,1.0,2019mgx,100.0,9.611,0.1028396810574595,ZTF19abjslyw,0.4318933631296911,void,18.40055538402035,17.891522610398397,36.53907776669076,0.006699194056647491,0.5532877481217392,False
ZTF19abkrbjt,0.0627247,1.53e-05,z_gal,59009.76891924262,0.0012375557185515,-1.1220512298510124,-0.0517941343263757,0.1446719624145771,6.220443353769343e-05,0.1651371601034664,0.0398727874898126,3.996859433342017e-06,0.0032551735719065,-0.0025788326471907,-4.773025235331017e-06,-2.205863327189122e-06,0.0018122594092017,0.0152907654762228,3.1,0.0,0.6591773380334726,254.420593,39.048911,snia-cosmo,norm,1.0,1.0,2020lit,100.0,10.696,0.1372443077143821,ZTF19abkrbjt,1.3619322593176597,wall,17.903588096713847,17.90706274094647,37.31934548250668,0.006003254429811903,-0.21143983714610626,True
ZTF19ablrkfz,0.10112912,0.00347023,z_snid,58711.30817149033,0.0004031628081279,0.5055297540477549,-0.0315354300657693,0.2857001226839202,1.3759710775567704e-05,0.2619923733007115,0.0348634661562608,-1.4277839879856278e-07,-0.0283990675805796,-0.0002149533302352,-9.167505633561436e-07,-3.5897891200396605e-07,0.0010742962694752,0.020515190196136,3.1,0.0,0.8232721120593208,236.695608,32.12881,snia-cosmo,norm,1.0,1.0,2019ntl,100.0,8.295,0.1345362404707371,ZTF19ablrkfz,1.2452239068965356,wall,19.121298846229152,19.289832844999722,38.41322755310108,0.004398113153688082,0.07744819631274369,False
ZTF19abpyjqx,0.05434039,1.052e-05,z_gal,58720.41856583621,0.0002747904419189,0.8167913556751603,0.5405605062541257,0.3778385758123477,1.3507707116947197e-05,0.5717335326179045,0.0437602150095151,-1.656738965235006e-07,0.0486188513287294,-0.000532812551195,-3.301273940837878e-06,-5.002574622500501e-07,0.0061369829926539,0.0466948856327046,3.1,0.0,0.5923259201186788,238.585335,21.458637,snia-cosmo,norm,1.0,1.0,2019nwx,100.0,10.044,0.1059481005020854,ZTF19abpyjqx,1.202668023933885,wall,19.53749594371527,17.976109164122004,36.994964549244415,0.005873450427731501,0.1819875192916912,True
ZTF19abvalfd,0.03062801,1.417e-05,z_gal,58739.791507205504,0.0023254628919494,-0.7487133492306879,0.3146311005419488,0.0929236360934737,8.101891979318582e-05,0.1323519442892625,0.0315562329299956,1.3574703685296728e-06,0.0010363169180274,-0.0002549116952158,-3.0278884027332382e-06,-2.128916463318241e-06,0.0003522915484038,0.0118606944549143,3.1,0.0,1.6992881742557646e-06,240.96543,39.985477,snia-cosmo,norm,1.0,1.0,2019pfe,100.0,10.795,0.1109233969908963,ZTF19abvalfd,1.7730068986347267,wall,17.218726465634,16.13855018506166,35.712877519740054,0.004455878339847872,-0.3734844302642918,True
ZTF19abvanim,0.05966828,2.098e-05,z_gal,58742.430828883655,0.0012608865185359,0.8493493249874229,-0.0037734557351354,0.1074525504081975,3.85809713886984e-05,0.1357443698043164,0.0289832495579936,6.583473604330345e-08,0.0092907801132165,-3.615742216835868e-05,-7.032552749696276e-07,-9.104881641560304e-07,3.685362919679895e-05,0.0110931916238702,3.1,0.0,0.9389496738883616,251.457762,45.086384,snia-cosmo,norm,1.0,1.0,2019pff,100.0,10.055,0.1026109155986827,ZTF19abvanim,1.5474702125892872,wall,17.883309996873045,18.0139166151502,37.20622145835957,0.0041286794432299455,0.008538061204731107,True
ZTF19abxdnhr,0.05496792,1.216e-05,z_gal,58744.4386703593,0.0009385462390068,-0.619943643830943,0.1245375789729965,0.1182589035815908,2.953906245141939e-05,0.1503843734802806,0.0307346573467445,1.505528356317957e-07,0.0113311641982465,-7.917925511654603e-05,-4.653002666771635e-07,-7.274318629699891e-07,-5.212498625182813e-05,0.0334356519738573,3.1,0.0,0.004985317636043,257.439655,31.739228,snia-cosmo,norm,1.0,1.0,2019prt,100.0,9.829,0.105304320899002,ZTF19abxdnhr,1.602921758215258,wall,18.20386081572906,17.731002210776435,37.02086089014693,0.004192698457534044,-0.08901577495639101,False
ZTF19abxdnzt,0.04892632,0.00608276,z_snid,58747.14137906317,0.0035184655682135,0.4006794250505775,-0.0768012984082419,0.1303613162017427,0.0001166429253872,0.1340156548312563,0.0315030832732753,8.816663873709563e-07,0.0010161105712429,-0.0001585355495146,-3.895464425958595e-06,-2.901200375514422e-06,5.269502649905118e-05,0.0098775026741535,3.1,0.0,0.9032787221248456,239.581902,46.92806,snia-cosmo,norm,1.0,1.0,2019pru,100.0,9.071,0.1080786750473931,ZTF19abxdnzt,1.2317895966402232,wall,16.76911673657942,17.06329588115205,36.75871341978625,0.004320563892013641,-0.49457463422009396,False
ZTF19abzhzet,0.05861466,1.309e-05,z_gal,58754.07685872003,0.0011517871712623,-1.3902908758012982,-0.0746667387666396,0.1739103053732833,4.767635689518742e-05,0.2522870037012511,0.0437390518562768,7.116215917374405e-07,0.0190281676211881,-0.0008050299664083,-4.775983887250533e-06,-1.4694485298048353e-06,0.0012543790178163,0.0114092161626024,3.1,0.0,0.4778653163364549,244.643507,45.713204,snia-cosmo,norm,1.0,1.0,2019qgg,100.0,10.776,0.1127120224288429,ZTF19abzhzet,1.8277947569470125,wall,17.981569407502388,18.01839557506679,37.165927815338904,0.005044808940586044,0.053310664141988595,True
ZTF19abzrjrg,0.06977754,0.0031305,z_snid,58755.91895441178,0.0004886986957488,2.898424458526911,0.383212168226789,0.391875653196621,1.757969867443164e-05,0.3071022282538507,0.0345438434880406,-1.4656904010523293e-06,0.0125998927167411,0.0001718568531439,-1.4965360129835606e-06,-4.840548582334767e-07,0.0008190548888564,0.0473030693757261,3.1,0.0,7.322040994412891e-06,125.046194,54.805025,snia-cosmo,norm,1.0,1.0,2019rkh,100.0,7.207,1.0318570637447804,ZTF19abzrjrg,1.0901498931068383,wall,18.912397050065415,18.130218752756136,37.56137936008571,0.004550418936890914,-0.2303177029154716,False
ZTF19acaiylt,0.06665703,0.00317648,z_snid,58759.00895792167,0.0007614376805618,0.8012485275935591,0.0527982602771785,0.1622071966376097,2.4443124916111983e-05,0.1345895833807496,0.0314378299190188,4.584973892543976e-08,-0.0034938414040473,-0.0002254502801577,-3.159877743640788e-07,-6.323074429817043e-07,-0.0004213952331279,0.044173867842167,3.1,0.0,0.9873386716931496,121.726489,39.006681,snia-cosmo,norm,1.0,1.0,2019qpr,100.0,7.954,0.1318938967503803,ZTF19acaiylt,1.317807915065484,wall,18.43091408865194,18.379414275655783,37.457332891071644,0.004239768062428325,0.12292428899824104,False
ZTF19acbvnaw,0.09373188,2.414e-05,z_gal,58758.82581102688,0.0004600658884772,-1.295029961834366,-0.0981178224161914,0.3654105478963174,2.3907716834871016e-05,0.3854522623919857,0.0518705388415008,-2.946627992803108e-06,0.0083297014114091,0.0057714541654744,-2.412254015830313e-06,-9.913830022151594e-07,-0.0003950300422012,0.0218966111091284,3.1,0.0,0.5200888797342619,152.419829,30.111901,snia-cosmo,norm,1.0,1.0,2019rvl,100.0,10.551,0.1562049935181331,ZTF19acbvnaw,1.4141004903345986,wall,18.977949915617163,19.100810970450546,38.23760506426325,0.0062083528478768715,0.06404881060139844,True
ZTF19acckggd,0.07897152,1.066e-05,z_gal,58772.52433080865,0.0004930550592375,1.4261765374901512,0.0780830213033927,0.2404691838819417,1.816811854298399e-05,0.1601960241011969,0.0330513840426838,5.915630603895078e-07,-0.0226663897787508,-0.0006546099925451,-8.992046042097429e-07,-5.369031005683645e-07,0.0010523750072501,0.037709178200678,3.1,0.0,0.9996726712400362,115.030599,26.546122,snia-cosmo,norm,1.0,1.0,2019scv,100.0,8.47,0.1318938967503803,ZTF19acckggd,1.7903992709840535,wall,18.9027614513614,18.860368800569503,37.843872589573905,0.0046255811975958174,0.21733911540969986,False
ZTF19accstol,0.07145236,0.00480104,z_snid,58770.48973190339,0.0004609897506806,-1.0743546897147638,0.1462342747883942,0.1412612810381688,2.093855875746439e-05,0.243929580579799,0.0364737026566757,8.750667672428627e-08,-0.0012540148244723,-0.0005547944719251,-2.2426881075827497e-06,-6.753072979997801e-07,0.001591456991501,0.0198029761635958,3.1,0.0,0.9995993173126524,123.526798,4.935557,snia-cosmo,norm,1.0,1.0,2019sew,100.0,,,ZTF19accstol,0.47612738185715214,void,18.97577182574682,18.37203591734273,37.61539670655995,0.00545697816044745,-0.04251788480311858,False
ZTF19acdjiml,0.09575667,0.00388973,z_snid,58772.28480328042,0.0005218276921914,0.5265514712105529,-0.0486974941918429,0.2308187431772239,2.398326683070075e-05,0.3782630458909576,0.0422562211488546,4.757821159451739e-07,-0.0062364397483803,-0.0013339016783713,-5.532016337715451e-06,-8.009485705655688e-07,0.0051966750303611,0.02382973406467,3.1,0.0,0.5930234899552447,134.938333,38.859545,snia-cosmo,norm,1.0,1.0,2019scw,100.0,8.248,0.1352072483264118,ZTF19acdjiml,1.6304274257081657,wall,18.8411821940458,19.065861632009987,38.286947644670754,0.005515067235233819,-0.02024310824666442,False
ZTF19acdtpow,0.06929357,1.498e-05,z_gal,58777.03086755079,0.0008426490100776,0.1305901409894688,0.0123820920847328,0.1843598949344596,3.0975713480512065e-05,0.2344706768111316,0.0351839394188144,-3.837724461290725e-07,0.0062297280756028,-0.0004911985350392,-2.6365666587853315e-06,-8.593008992429733e-07,0.0007258498265312,0.0135645010933581,3.1,0.0,0.2886889448856399,155.687367,52.455983,snia-cosmo,norm,1.0,1.0,2019skr,100.0,9.301,0.1035808862676893,ZTF19acdtpow,1.2936564158622235,wall,18.320883212692806,18.30078134696866,37.54553853648905,0.004617934238593207,-0.0439142851062867,False
ZTF19acdubmt,0.08719201,0.00425206,z_snid,58778.24306730723,0.0006541057015928,1.5005288935758965,-0.0039853221047766,0.2765818765765289,3.251603521192876e-05,0.4155032180753355,0.044206426863386,-1.665316285633404e-06,0.0217791196448263,0.0003302611492109,-8.814667955268591e-06,-1.125273542705028e-06,0.0065335793989428,0.0198815890071484,3.1,0.0,0.971350307504344,146.250442,25.014614,snia-cosmo,norm,1.0,1.0,2019sks,100.0,8.252,0.1648059464946578,ZTF19acdubmt,0.6824831796159916,void,18.59588016317567,18.818308706801105,38.071016801229064,0.0059380500125322385,-0.05186519001385703,False
ZTF19aceqxtg,0.06083059,1.578e-05,z_gal,58781.61129456239,0.0013025898467278,0.6907969128551837,-0.0989822839572031,0.340273656831414,7.61076429109459e-05,0.4027214930725571,0.0460168461338007,-1.227950196988927e-05,0.014132320312705,0.0067914227491677,-1.7520705207150103e-05,-3.0286662835466066e-06,0.0056560659343709,0.0248727461357247,3.1,0.0,0.6604840928641602,160.537444,9.391851,snia-cosmo,norm,1.0,1.0,2019tjb,100.0,9.136,0.1021812115802117,ZTF19aceqxtg,2.1244321651457683,wall,17.847980778339117,18.251537426406173,37.24988425526378,0.007049294974446339,0.20249607555649562,False
ZTF19acfrntd,0.06328321,1.465e-05,z_gal,58784.96502486445,0.0009548705013855,0.2591202778675869,-0.0776134617276282,0.2797050349690835,3.63609129834584e-05,0.3619019069183877,0.0344051794383352,-1.7905452892498098e-06,-0.0027586720887141,-6.602495990174185e-05,-3.810955414927371e-06,-9.036402532876136e-07,-0.0019628606858446,0.0160375770173092,3.1,0.0,0.7975716916998832,176.613994,34.279476,snia-cosmo,norm,1.0,1.0,2019szc,100.0,9.557,0.1008414597276338,ZTF19acfrntd,1.0616569998059662,wall,18.18513880755153,18.46201737780864,37.339442254422394,0.0047343431057893706,0.32341802780034656,False
ZTF19acgjohb,0.07019109,0.00421456,z_snid,58783.347621514986,0.0006902688227274,0.4803552272798304,0.039120527897491,0.3691643785932683,3.85259124164817e-05,0.682777143183607,0.0442168943967157,-3.979101061513756e-06,-0.0175618677471379,0.0028010449517303,-1.6780033284343728e-05,-1.4345112869068246e-06,0.0123785501889095,0.0304912903661622,3.1,0.0,0.4721834708281525,150.464849,17.681601,snia-cosmo,norm,1.0,1.0,2019tjc,100.0,,,ZTF19acgjohb,2.516587454931955,wall,18.537454354712736,18.48343045004969,37.57483203662608,0.006697129510352239,0.10944131783771327,False
ZTF19acgjojy,0.07641502,1.525e-05,z_gal,58788.96335606909,0.0005716227631783,0.8189534238594146,0.1186810354010738,0.591858222240262,2.268279401058471e-05,0.4117983216621286,0.0374047776248641,-4.109148635174103e-06,-0.0719207801829748,0.0027253266185312,-1.1894429943327469e-07,-6.968329793449913e-07,-0.0011888636091469,0.0440684468037666,3.1,0.0,0.0154595102051147,153.512678,15.270218,snia-cosmo,norm,1.0,1.0,2019tjg,100.0,10.331,0.1016070863670443,ZTF19acgjojy,1.5648845522862718,wall,18.742226212623045,18.488968482220034,37.76861729481971,0.004881191192828886,-0.0788059081855762,True
ZTF19achagst,0.06879014,1.491e-05,z_gal,58790.21549214853,0.0006965860018717,-1.1245877257033596,0.071036374743319,0.1944803055048396,2.4181716207479463e-05,0.2682787120255556,0.0342702276158733,-2.7734429729354e-07,0.0143466278202216,8.791201098259635e-05,-1.1837237456440932e-06,-6.771944931792715e-07,0.0003707705583389,0.0660946130778136,3.1,0.0,0.7682566395397505,112.650139,45.211989,snia-cosmo,norm,1.0,1.0,2019tbo,100.0,11.287,0.1299576854210631,ZTF19achagst,1.6792757673049958,wall,18.527563142706803,18.149908099404044,37.52894780118685,0.004445605180986177,-0.17819679736870653,True
ZTF19ackjmge,0.04887403,1.354e-05,z_gal,58791.00095313325,0.0012723503912821,-0.2772565741332399,0.0307624368858712,0.4421897343345335,4.867697075394814e-05,0.4000927319945044,0.0389126352381088,-2.228407511545741e-06,-0.1027543043953368,0.0031703510708976,-1.1766249023009498e-06,-1.5427435678417526e-06,-0.0016569312402982,0.0152139262326228,3.1,0.0,0.19852354876529,169.117411,29.189522,snia-cosmo,norm,1.0,1.0,2019tqr,100.0,10.207,0.1028396810574595,ZTF19ackjmge,1.1315779385197018,wall,17.873483180750036,17.739303706025183,36.756310448228916,0.0047503701160754135,0.18383616221036847,True
ZTF19ackjnuq,0.05733661,1.1e-05,z_gal,58791.463360827336,0.0008786154283909,0.1012914482809472,0.0402685505888176,0.4452787749760318,3.332752864274334e-05,0.4556774762836688,0.038198682386813,-5.6168760660748175e-08,-0.0821865731159651,0.001902305513754,-1.6322448032224571e-06,-1.0302908368490124e-06,-0.0013115997622264,0.0243523691697713,3.1,0.0,0.8006355683185205,162.341428,17.223786,snia-cosmo,norm,1.0,1.0,2019tjn,100.0,8.67,0.1035808862676893,ZTF19ackjnuq,0.6195909605866581,void,18.275502937100253,18.164851233034252,37.11610364423792,0.00472112248032927,0.2495904932104368,False
ZTF19acmbiad,0.07024916,0.00147915,z_SEDm,58803.07675620692,0.0010176584627337,1.594592470903733,-0.0668558099546924,0.3616962710802909,3.477304870448791e-05,0.3135775041716591,0.0390753556038158,-6.797574462004674e-07,-0.0203959931345926,0.0010090572627286,-2.953317793541863e-07,-9.597081714398892e-07,-0.0057222998733034,0.0426577025848666,3.1,0.0,0.0008154275718979,126.027551,54.245629,snia-cosmo,norm,1.0,1.0,2019twn,100.0,8.519,0.1044030650891055,ZTF19acmbiad,1.0487675226756337,wall,18.11599487876421,18.546490835550276,37.57671495335997,0.0044013537821999274,0.17061878660441054,False
ZTF19acmvrsw,0.04148361,1.094e-05,z_gal,58795.25256300058,0.0015463687196655,-1.0954938002210353,0.1003275538628139,0.2233461389841977,7.022520896330807e-05,0.224219122414841,0.0398132618510495,2.1785508328828986e-06,-0.015506249584481,-0.0010587987697341,-5.733779558666184e-06,-2.4349110071276047e-06,0.0017710354622476,0.0427741371495741,3.1,0.0,0.5665795880859245,133.947945,0.793112,snia-cosmo,norm,1.0,1.0,2019tyg,100.0,10.695,0.1012719112093773,ZTF19acmvrsw,1.1628519531321577,wall,17.66171735977103,17.19733281076536,36.388795955339035,0.005456132382318764,0.009379759840427382,True
ZTF19acmwkul,0.07447038,1.093e-05,z_gal,58800.16219955279,0.0008290151750802,0.1378210246642186,-0.0286144802512673,0.2277878814784344,4.19128015288908e-05,0.3049541695072191,0.0419684119110024,1.0703080442908505e-06,0.0361592877172412,-0.0011666936096093,-5.674244900994119e-06,-1.47021618631738e-06,0.0026339265181779,0.051156998256421,3.1,0.0,0.0717353780710594,168.470824,4.973385,snia-cosmo,norm,1.0,1.0,2019tzg,100.0,9.707,0.1012719112093773,ZTF19acmwkul,2.0270476752009854,wall,18.33859379909695,18.44659363132887,37.70974425111524,0.006038124390087582,-0.062307715372267425,False
ZTF19acnqsui,0.0785089,2.06e-05,z_gal,58799.77886727109,0.0007301208108763,0.4840757227341538,0.0115505375601091,0.1824160515934636,2.7872545388583057e-05,0.0900658781416091,0.0356834556104743,7.577118389079067e-07,-0.0043151614013803,-0.0015796025023778,-2.334177766705684e-07,-8.809320603056082e-07,-0.0001601580132132,0.0455650157771475,3.1,0.0,0.9873545109341236,120.759498,33.505082,snia-cosmo,norm,1.0,1.0,2019uhl,100.0,10.917,0.1318938967503803,ZTF19acnqsui,1.4920242177078393,wall,18.47651318135683,18.508477116103272,37.830428601673404,0.004742957626498111,-0.12110858115603007,True
ZTF19acojxzo,0.0622377,1.096e-05,z_gal,58805.34799881621,0.0011657663760343,0.0478447801107547,-0.0498720107680027,0.1834755079471506,3.697186879685381e-05,0.1623074578803968,0.0305425447729534,4.77528511518476e-07,-0.0085929734689043,-7.647603799212581e-05,-3.991975988935808e-07,-9.399867489801418e-07,-0.0007070916965969,0.0314639845719568,3.1,0.0,0.6446573518446299,129.385666,53.583761,snia-cosmo,norm,1.0,1.0,2019uet,100.0,8.629,0.1299576854210631,ZTF19acojxzo,1.0437481841304375,wall,17.968471187761352,18.129772690357665,37.301680874270026,0.00421068246321891,0.02893472050174084,False
ZTF19acokufi,0.08145075,0.00294109,z_snid,58805.32822254375,0.0008159908001017,0.1147997456567832,-0.0561262811103625,0.2089387711348536,4.537939031596977e-05,0.1680640751687,0.0455362672312686,5.215327539464529e-06,-0.0122155299024257,-0.0044021112858654,-3.642195710643337e-06,-1.951193737432749e-06,0.0032015477234575,0.0258564916863912,3.1,0.0,0.1247210768425988,128.807426,11.577753,snia-cosmo,norm,1.0,1.0,2019ujd,100.0,8.037,0.136561341528267,ZTF19acokufi,1.374873310973838,wall,18.35578684419252,18.545850280026595,37.914663910497254,0.006670821727011443,-0.16797072605655627,False
ZTF19acokzjy,0.06514902,1.56e-05,z_gal,58804.96984130122,0.0010416677391147,0.467237345535803,0.0361297432062573,0.1458818516039173,3.880045834300913e-05,0.1410600015856677,0.0328772344466831,8.076269181718094e-07,-0.0055364641598488,-0.0002532507389731,-1.3902922052755149e-06,-1.1484381215757503e-06,0.0009205824755237,0.0281824488446951,3.1,0.0,0.9998379289896266,119.74818,12.534442,snia-cosmo,norm,1.0,1.0,2019ueg,100.0,10.719,0.122065556157337,ZTF19acokzjy,1.0679198479161947,wall,18.090676964779664,18.044087989215278,37.40536455916266,0.004660550369565962,-0.16043366553328353,True
ZTF19acrbyzj,0.03020957,1.032e-05,z_gal,58809.62946249196,0.003432669428453,0.4023705490524286,0.090590992133423,0.1919195347873028,0.0001313899448799,0.2019730251898255,0.035333054975262,5.676367694989734e-07,0.0172669874878045,-5.124279655302071e-05,-5.602402778239688e-06,-3.883869807775056e-06,0.0001780065483435,0.044557051297856,3.1,0.0,0.767813600256932,127.054518,0.024946,snia-cosmo,norm,1.0,1.0,2019ulp,100.0,10.09,0.1008414597276338,ZTF19acrbyzj,0.7792176806664454,void,16.795920044531535,16.571419845785265,35.6823405597587,0.004752066007808595,0.08992219044066674,True
ZTF19acrwzqs,0.09850343,1.22e-05,z_gal,58804.96796631511,0.0005189472325521,0.0873373106722151,-0.0264598255464694,0.3591834777434997,1.9700776305171613e-05,0.4914510964886456,0.0607377059203084,-7.890170181394666e-07,-0.0611069798663693,0.0091994808111055,-1.949200273963573e-06,-4.650666973008763e-07,-0.0205350225497926,0.0165761904965742,3.1,0.0,0.2360115811624805,137.799265,37.269751,snia-cosmo,norm,1.0,1.0,2019uuk,100.0,9.565,0.1019803902718557,ZTF19acrwzqs,1.1121739727348887,wall,18.84719199929267,18.941444681980837,38.35232589556324,0.004723904313247741,-0.21003830916830124,False
ZTF19acxndsk,0.04787736,1.222e-05,z_gal,58841.17592916967,0.0023373290929944,-0.0399231772735265,-0.12206875238116,0.0699204159063811,7.446417235673782e-05,0.0628966040489341,0.0293279887448673,1.2933244597553164e-07,-0.0013144622416752,-6.087380982305562e-05,-6.996620893009961e-07,-1.8783367476097069e-06,-2.6222701506252776e-05,0.0171468850740343,3.1,0.0,0.3049130950013343,137.198549,55.503402,snia-cosmo,norm,1.0,1.0,2019wiq,100.0,10.649,0.1035808862676893,ZTF19acxndsk,1.4434973837152656,wall,17.21320033796539,17.586024225528693,36.71002616791996,0.00422147504244236,0.0768409620228313,True
ZTF19acxphhl,0.07321811,1.514e-05,z_gal,58830.2360054671,0.0005859647679533,-0.2281646074455652,0.0344739351051716,0.4022994978622591,2.0131592720166948e-05,0.1280260618525875,0.0279545707171923,-2.690170777494119e-06,-0.0405940599852734,0.0019489362599365,4.229672400561949e-07,-4.79648413776609e-07,-0.0005404942254608,0.0135623556331138,3.1,0.0,0.1835298912567109,178.958798,44.138749,snia-cosmo,norm,1.0,1.0,2019wej,100.0,10.899,0.1136485811614029,ZTF19acxphhl,1.308781812205422,wall,18.71532123957704,18.57650899570863,37.67104895237062,0.004416431730625261,0.10630294775211213,True
ZTF19acyitga,0.07086015,3.781e-05,z_gal,58839.66022053055,0.0007162787223453,-1.5597253823045505,-0.0132800369105573,0.1863336683018133,2.9310809221688955e-05,0.2107656430836598,0.0395900859789643,-1.684464151947917e-07,-0.0046751067994919,-0.0003087233882168,-2.2422914503950293e-06,-8.832909982064148e-07,0.0003334143935461,0.0221980224067368,3.1,0.0,0.9383551582837044,159.796797,5.161894,snia-cosmo,norm,1.0,1.0,2019wmn,100.0,9.944,0.1122541758688735,ZTF19acyitga,2.1940077090481993,wall,18.497294874320655,18.320101435220746,37.59643635940656,0.004998968221964876,-0.07549201977171249,False
ZTF19adajivt,0.09509297,0.00291204,z_snid,58845.67874197346,0.0004592802840529,0.478119470263369,-0.0766360640331693,0.2625228221077123,1.8282053918155584e-05,0.2982080481588937,0.0386400822431719,-1.4638347503682515e-06,0.0197953457643254,0.0013959819618619,-2.3969646453233706e-06,-5.232847157704429e-07,0.0010346521757283,0.0237463287742762,3.1,0.0,0.6336196466292368,156.342638,11.120703,snia-cosmo,norm,1.0,1.0,2019xbi,100.0,7.904,0.1869866305381216,ZTF19adajivt,1.4718360494453913,wall,18.979805493851305,19.284314018191,38.270883724323475,0.004892854340368853,0.2142731982816274,False
ZTF19adcbpcj,0.07397559,1.859e-05,z_gal,58853.25336397557,0.0005477559710535,-1.0866018525395065,0.1300091849695138,0.2850441905065963,2.057345186895688e-05,0.2609893680183335,0.0362386645167451,1.2418764020878922e-07,-0.0297327904152908,0.0011923321162616,-1.175955844343791e-06,-6.126894562370802e-07,0.0001613220156887,0.0274347460514769,3.1,0.0,0.1794347358085722,138.914202,14.323109,snia-cosmo,norm,1.0,1.0,2019zrh,97.36842105263158,10.631,0.1088531120363584,ZTF19adcbpcj,1.8509367394378295,wall,18.788532198811332,18.23337946605031,37.69453012227158,0.0046879865196592626,-0.26030775180716914,True
ZTF19adcdtyy,0.07165632,0.00042346,z_nonSEDm,58852.406054740735,0.000642368994552,0.2941966481155701,-0.0147161463682077,0.3673465007304912,2.099988289416978e-05,0.2503097540822381,0.0331027591027846,-1.1768893979814603e-06,-0.0505565089415743,0.0013619864447795,1.3552644624668934e-07,-5.571998890276981e-07,-0.0013564418669223,0.0232705255634935,3.1,0.0,0.6056064753792783,162.621908,8.898118,snia-cosmo,norm,1.0,1.0,2019zho,100.0,8.058,0.136561341528267,ZTF19adcdtyy,1.481566486768877,wall,18.6155385736663,18.702346158143925,37.62189190640597,0.004284833767640705,0.2812971561520564,False
ZTF19adcdzjm,0.08112552,1.268e-05,z_gal,58857.622433577,0.0005318015496662,-0.5523263815278844,0.009239817354786,0.121338227414526,1.6547129756893438e-05,0.0931853434306215,0.0268067734930259,-3.394455029870925e-08,-0.0046819391082069,-8.159332148418536e-05,-2.6516884561049786e-07,-3.820082864773343e-07,0.0001699119723625,0.0181177181378505,3.1,0.0,0.3749729830807312,179.637845,30.656815,snia-cosmo,norm,1.0,1.0,2019zab,100.0,10.304,0.1021812115802117,ZTF19adcdzjm,1.2979039122681,wall,18.8206260036784,18.71465687646466,37.90549546343854,0.0041662867831790676,0.010004317440219679,True
ZTF19adcfsdr,0.07476109,1.006e-05,z_gal,58850.83941569713,0.0009195695718604,0.715587455935213,-0.0651950990271998,0.4244590358321147,3.015506173357097e-05,0.3008350839261419,0.0379505114885372,-7.305788538316581e-07,-0.0804410847557,0.003769231715366,-4.183210607102937e-07,-8.003029071395526e-07,-0.004102388993874,0.0209348775265921,3.1,0.0,0.0619770754336926,201.356005,13.419069,snia-cosmo,norm,1.0,1.0,2019zcq,100.0,9.819,0.1059481005020854,ZTF19adcfsdr,1.8432618663013398,wall,18.226038519430546,18.528325570245794,37.71863815924697,0.0042926515718814465,0.010530315412924707,False
ZTF20aaaxacu,0.02208516,1.1e-05,z_gal,58860.70037485155,0.0047257007370324,-2.124917063376002,0.0216549507052659,0.1681841556637664,0.000200452993596,0.1051662673443578,0.0372181287038922,7.577151140513472e-06,-0.0032811386423633,-0.0013349395308529,-5.7862627868282655e-06,-6.480770192542806e-06,0.000356129969219,0.0334153958021442,3.1,0.0,0.0376800313095015,158.685674,11.052115,snia-cosmo,norm,1.0,1.0,2019zjh,100.0,10.018,0.1744964183013508,ZTF20aaaxacu,1.6566356740152073,wall,16.44883446065809,16.084215724599126,34.989111979472334,0.005146003090786789,0.2959466495408941,True
ZTF20aaayaet,0.08558026,3.972e-05,z_gal,58859.37409676764,0.0004874695078678,-1.413927436951396,-0.0472292629376864,0.070715414978622,1.5337257661436843e-05,0.091582012287673,0.0304319251288244,1.2275238636009788e-07,-0.0003583143676879,-0.0002541252277338,-2.1562990401945185e-07,-3.921426096038957e-07,-1.7186103903608964e-05,0.015042388976983,3.1,0.0,0.9517478575677256,134.217712,53.794428,snia-cosmo,norm,1.0,1.0,2020cc,100.0,10.011,0.1244025723206719,ZTF20aaayaet,1.5007723588951047,wall,18.915131362626028,18.86359223655966,38.028137659625095,0.00419194169455093,0.03629748134866817,True
ZTF20aabqamf,0.04605066,1.064e-05,z_gal,58851.928252533246,0.0010247674949877,0.076283036783749,0.1938505551091718,0.6551224645736511,3.88943878528909e-05,0.2631459798797462,0.0379226578696826,-8.010891615435298e-06,-0.1394726004542119,0.0064297382054726,2.097247146213362e-06,-1.1772388693397743e-06,-0.0037045111158309,0.0166496945912553,3.1,0.0,0.3440032463606519,184.702698,5.73763,snia-cosmo,norm,1.0,1.0,2019ycb,100.0,9.619,0.1038460398859773,ZTF20aabqamf,0.47612316096381374,void,18.10843664651557,17.51817955082686,36.622717866893495,0.004723133534515915,0.09630458834746791,False
ZTF20aabqiiy,0.07615925,1.194e-05,z_gal,58859.964858069,0.0004660008827541,-0.0141006696058308,0.1126889981436836,0.2668446295756439,2.1439747284828302e-05,0.2866067878464164,0.0417129947707806,1.215221500402417e-06,-0.0149501524556148,-0.0023706251589803,-2.964592579352688e-06,-7.384492630763659e-07,0.0028153658172142,0.0284368499633596,3.1,0.0,0.7010483309488544,238.71387,30.025247,snia-cosmo,norm,1.0,1.0,2020bc,100.0,9.268,0.1038460398859773,ZTF20aabqiiy,1.6266996279929025,wall,18.964033151542857,18.61272316355262,37.760956335741454,0.005520252417518816,0.05260973222526688,False
ZTF20aacbtgq,0.06289525,1.665e-05,z_gal,58867.25073137761,0.0010039349508809,1.3778723211044477,0.0213450169985984,0.1332686755122267,3.055311982463535e-05,0.0897148586758047,0.0284860310889774,-4.550044604974109e-07,-0.0056260093500035,0.0002911802668403,3.3473368260271225e-08,-7.386983390353398e-07,-0.0003733060081188,0.0075895069049572,3.1,0.0,0.7143701746078019,155.720684,54.060375,snia-cosmo,norm,1.0,1.0,2020nr,100.0,9.5,0.105304320899002,ZTF20aacbtgq,1.404688376994264,wall,18.13073606506089,18.257468637319857,37.32550054645589,0.004116813898841991,0.1328109952780666,False
ZTF20aacdfep,0.05846544,2.219e-05,z_gal,58857.280349319706,0.0005443307573365,-0.9341155827103762,0.1560767294108573,0.5206994029431371,4.013996796160081e-05,0.3512355004480645,0.0573175778787445,6.750170531675448e-06,-0.1257522004359048,-0.0073062851940067,-8.86750913833108e-06,-2.0633700062579976e-06,0.008878975871256,0.0114799713009756,3.1,0.0,0.4797727013685311,251.218761,42.982267,snia-cosmo,norm,1.0,1.0,2020dd,100.0,10.263,0.1049952379872535,ZTF20aacdfep,1.5782174362214523,wall,18.795342813095225,18.180728770342114,37.160164842075005,0.009435279019909551,0.22140683268121053,True
ZTF20aacwxut,0.07836,1.414e-05,z_gal,58861.42935949648,0.0005196152321659,-1.801210011608234,-0.0346609759866224,0.160605773293355,2.0301290833082627e-05,0.1508705606619237,0.0374242997475918,3.130606522820414e-08,-0.000582502920305,-0.0005623691320292,-9.220060493308958e-07,-6.044196881990778e-07,7.022504212056009e-05,0.0269346130171705,3.1,0.0,0.6440694729878141,131.327197,2.923352,snia-cosmo,norm,1.0,1.0,2020mx,100.0,10.634,0.116619037896906,ZTF20aacwxut,1.0073659394759282,wall,18.84579531591517,18.701074939848546,37.82608539253995,0.004824418571472556,0.07583245172269615,True
ZTF20aadcitq,0.08024346,2.642e-05,z_gal,58865.26109936685,0.0006824242231337,-0.410218768706497,-0.1178576586583594,0.0661518917549983,1.983892407507248e-05,0.056927572405377,0.0255178564956044,3.4898903300825e-08,-0.0007348414016001,-0.0001037466005038,-4.684890355730566e-08,-4.355377866427629e-07,-0.0001052710517737,0.0072702378140375,3.1,0.0,0.2911793931716595,204.810688,38.996139,snia-cosmo,norm,1.0,1.0,2020es,100.0,10.547,0.1041201229350023,ZTF20aadcitq,1.3159214282351892,wall,18.549863914937678,18.857792029159683,37.88045198854067,0.004021267590614369,0.17818294503311394,True
ZTF20aadxvfj,0.09323474,0.00368782,z_snid,58866.180573516125,0.0004684823218958,1.3812844248748863,-0.0251293344313988,0.253518212117342,1.9477586607176872e-05,0.2260520654684795,0.0362619946459769,-6.299961305561687e-07,-0.0064266491376731,-0.0003314317439475,-2.0471542551440416e-06,-5.376585374666024e-07,0.000606169594423,0.0265318029603433,3.1,0.0,0.971740470024346,186.519536,12.459872,snia-cosmo,norm,1.0,1.0,2020pf,100.0,8.265,0.1811104635298579,ZTF20aadxvfj,1.9109406505665216,wall,18.958266981246574,19.229547737466394,38.225335556648815,0.0050626637206600605,0.20505508523168048,False
ZTF20aadyukn,0.04278907,1.057e-05,z_gal,58866.86210012186,0.0004538266534442,0.5206959154049472,0.6908416457368822,0.1557145664883137,1.5887810188772698e-05,0.1096476046506849,0.0311641740561928,-3.7403979805898884e-07,-0.0072725067960983,0.0004567040656403,-5.149994240628365e-08,-4.362474229791054e-07,-0.0002412675062722,0.014970589366109,3.1,0.0,0.0435808085218366,162.976679,65.718758,snia-cosmo,norm,1.0,1.0,2020nu,100.0,9.87,0.1358823020117042,ZTF20aadyukn,1.0866913653959227,wall,18.992775003477764,16.92406332985012,36.45811907947377,0.00446976338968582,-0.3332128452095452,False
ZTF20aafcgca,0.07951693,0.0045607,z_snid,58871.32273442842,0.0007030825808438,0.3472361622828654,-0.0471090075776542,0.0894865980153554,2.125036609306694e-05,0.0723634346199252,0.0292145004845157,2.1495193687143627e-08,-0.0013504333739526,-0.0001270745582086,-4.923226307124468e-10,-5.284605072219096e-07,-0.0002613927681525,0.0429113114481234,3.1,0.0,0.0238763508737055,123.708333,49.138987,snia-cosmo,norm,1.0,1.0,2020un,100.0,9.372,0.1066255128944288,ZTF20aafcgca,1.0990574161263453,wall,18.517484154383382,18.71213514059371,37.859626261918145,0.0041018836817840265,0.05335178308966648,False
ZTF20aafciit,0.07779046,1.305e-05,z_gal,58872.78276442938,0.0007597798272163,0.3225085904271398,-0.0852826620004055,0.0652313491482345,2.192495910502921e-05,0.0572570490010779,0.0252851138445434,1.1662238445316701e-07,-0.0003644720375905,-0.0002044738236825,-3.939864119992901e-08,-4.777120495971503e-07,-0.0001032526889629,0.0141662633105819,3.1,0.0,0.181176440516172,200.296481,53.392103,snia-cosmo,norm,1.0,1.0,2020wv,100.0,9.6,0.105304320899002,ZTF20aafciit,1.4768863881151697,wall,18.433280603766057,18.742808058627112,37.809399640017894,0.004006636519473413,0.13425132302332032,False
ZTF20aafcjln,0.02028404,1.036e-05,z_gal,58874.74721045007,0.0112523985509195,1.0673951184033377,-0.0510365510281942,0.4764879059803206,0.0004090857044819,0.192345720320106,0.0341981348618163,-4.098132945150999e-05,-0.0674240629730134,0.0008404036078012,4.345208280721586e-06,-1.1420846423357631e-05,-0.0008492468265946,0.0227127958535397,3.1,0.0,0.2909170817673673,182.904148,0.322265,snia-cosmo,norm,1.0,1.0,2020vf,100.0,8.438,0.1049952379872535,ZTF20aafcjln,1.8966743103774322,wall,15.506887234681654,15.814535859445524,34.801476367734004,0.004583070247006931,0.21390239612562156,False
ZTF20aafrihv,0.06504625,0.00399531,z_snid,58879.152582696974,0.001386051809158,1.4502966476926475,-0.047569548990397,0.0877954073876026,4.106230645386285e-05,0.0812553012287861,0.0279446731934808,1.7427836304409906e-07,-0.0029868569868928,-0.000111815950446,-5.453985593139668e-08,-9.791572697008704e-07,-0.0001782436923049,0.0142800487539977,3.1,0.0,0.9953588628789134,145.986194,49.870567,snia-cosmo,norm,1.0,1.0,2020ady,100.0,7.645,0.1736778627229158,ZTF20aafrihv,1.357371866392118,wall,17.780551339875274,18.131058472422474,37.40178101878287,0.004059609332566349,-0.06987964194629426,False
ZTF20aaghlkv,0.02950223,0.00635059,z_snid,58881.9318926236,0.0096795080757457,0.341963579178783,-0.1003018872252026,0.049928620137507,0.0002889081783168,0.0429805224703988,0.0262550696461541,1.922157175761172e-06,-0.0005164226904972,-0.0002124122627945,5.392540908186767e-07,-6.595365361327994e-06,-0.0001493103271654,0.0103142922332812,3.1,0.0,0.9999948332419258,194.270637,29.088755,snia-cosmo,norm,1.0,1.0,2020ags,100.0,,,ZTF20aaghlkv,1.3934319567660727,wall,15.670366783748072,16.02917753523123,35.62976568489183,0.004075175152959616,-0.3997452452464968,False
ZTF20aaghnxd,0.0668612,0.00581808,z_snid,58878.67606000741,0.0011426206949672,1.19714613926311,-0.0620713538038038,0.1071207759450771,3.3427010842668496e-05,0.0803281333529289,0.0257323894857283,7.5018700253013e-08,-0.0040528666737761,-0.0001134409784247,-1.4485795247662477e-07,-7.423176405450725e-07,-3.4356268011277174e-05,0.0120557220868169,3.1,0.0,0.9995735036351086,191.793276,29.576023,snia-cosmo,norm,1.0,1.0,2020alf,100.0,8.718,0.1056219674120871,ZTF20aaghnxd,1.0005854171049369,wall,17.990244785826373,18.350266442115,37.464281962327064,0.004033880093837183,0.08682738420203806,False
ZTF20aahdwze,0.04905644,1.118e-05,z_gal,58885.50293582239,0.0020666646200864,0.6785157645063742,-0.093353501704645,0.0499186515480687,6.166772314303835e-05,0.0689069798685525,0.0276642761696573,2.9888670253494546e-07,0.0004556399654588,-0.0001709856914547,-1.4550319937945105e-07,-1.4627307289311171e-06,-0.0001244070618686,0.0076243633534248,3.1,0.0,0.804422728748911,148.570669,51.68128,snia-cosmo,norm,1.0,1.0,2020amx,100.0,9.373,0.1019803902718557,ZTF20aahdwze,1.5208429357364537,wall,17.346824988237742,17.731213050553034,36.76468226514828,0.004074601538173866,0.16737368981885525,False
ZTF20aahfobk,0.03299662,1.021e-05,z_gal,58886.98055146816,0.0037768245299476,0.0720596034407075,-0.0226012510705569,0.0434823547657288,0.0001125204585249,0.0535764248679331,0.0260921772140304,4.2404399243339066e-07,5.485284427621858e-05,-0.0001164006877208,1.701135955546314e-07,-2.55773737616419e-06,-0.0001352437459753,0.0183997189694424,3.1,0.0,1.0,181.395054,61.923587,snia-cosmo,norm,1.0,1.0,2020aoi,100.0,9.932,0.1016070863670443,ZTF20aahfobk,1.078133382068282,wall,16.69218297971416,16.772335202514586,35.87839183742979,0.004071304300233161,0.09478626949890001,False
ZTF20aahkgcz,0.041119,1.158e-05,z_gal,58889.34261422545,0.0022063412432667,0.6039344305750306,0.0686052467546783,0.057971922597062,6.80977664652626e-05,0.0828245573666752,0.0283039033393342,5.005604570777474e-08,0.0011027805928477,-6.163445947533469e-05,-5.386619007914129e-07,-1.6688915342049515e-06,3.5165810938360685e-05,0.01727040459706,3.1,0.0,0.9853203198335888,144.131392,59.404548,snia-cosmo,norm,1.0,1.0,2020axk,100.0,9.415,0.1044030650891055,ZTF20aahkgcz,1.0050528893060011,wall,17.27581829160895,17.14769284694995,36.369055052650886,0.004147972209332391,-0.02051930128683266,False
ZTF20aahptds,0.07649138,2.04e-05,z_gal,58883.65588776388,0.0005530653351575,-1.7027723406944284,0.0034337378000205,0.059355270324886,1.6351653050165492e-05,0.0830768140514336,0.0263716046106663,1.2192486636504393e-07,0.0003703899581469,-0.0002108479348606,-5.389359869029072e-08,-3.688098664590018e-07,-0.0001174545296262,0.0120786228493915,3.1,0.0,0.9999881466568736,195.221228,62.795925,snia-cosmo,norm,1.0,1.0,2020awr,100.0,10.5,0.1176605286406618,ZTF20aahptds,1.3634595482673517,wall,18.778058903102092,18.529026188224808,37.770899719859436,0.004055431412942867,-0.04103062722052597,True
ZTF20aahpxzz,0.0528122,1.435e-05,z_gal,58882.53504527273,0.001637376187913,-0.1406652093511942,-0.013504386376821,0.1487061757070478,5.700615998256557e-05,0.1659200045040487,0.0338185112078947,8.578919424383364e-07,0.0070132958750219,-0.0007708814795153,-2.1436074677274617e-06,-1.5835935974687007e-06,0.0002243526057737,0.0188770268537762,3.1,0.0,0.7474343815727439,215.883464,17.449548,snia-cosmo,norm,1.0,1.0,2020asa,100.0,10.864,0.1021812115802117,ZTF20aahpxzz,1.6889537591714132,wall,17.599628824430678,17.621799292889655,36.9306718451014,0.004453878409540937,-0.10802964779764379,True
ZTF20aahqbib,0.05558274,1.456e-05,z_gal,58882.43471835947,0.0012331201746598,-2.074460995677184,0.0003830186685726,0.1599546172292321,4.352840507399825e-05,0.1809919478448576,0.0349185246093134,5.72130023027624e-07,0.0071630816792696,-0.0005239139565326,-1.2255749359495462e-06,-1.2363474899976506e-06,2.119608462706249e-05,0.0272069690614354,3.1,0.0,0.4946522021077154,225.232433,8.580154,snia-cosmo,norm,1.0,1.0,2020ase,100.0,11.078,0.1262101422231985,ZTF20aahqbib,1.356845573596225,wall,17.9074864921109,17.61587459484352,37.04595733962154,0.004493869937699109,-0.22923984036391742,True
ZTF20aahqcup,0.0998572,3.021e-05,z_gal,58878.022255117874,0.0003925320826256,-0.3290662229685507,0.0422128755520323,0.2660615058011899,1.3386557265863768e-05,0.2372748495022202,0.034607480403294,2.0656765277385802e-07,-0.0274722175456887,-0.0003470262650394,-5.899703647229859e-07,-3.77189278228695e-07,1.2755208723323007e-05,0.0134401700449036,3.1,0.0,0.2230310560732496,241.833993,37.025109,snia-cosmo,norm,1.0,1.0,2020ass,100.0,10.704,0.159298462013919,ZTF20aahqcup,1.628402848027153,wall,19.150312103743666,18.97338291831677,38.383915335525465,0.004395995796747789,-0.20968951279459402,True
ZTF20aaifkyj,0.07327999,1.208e-05,z_gal,58885.163645804365,0.0006060909542729,-1.2078425307644292,-0.0839054615708542,0.1573557141782657,2.440453316650168e-05,0.2258307847800451,0.0391636117246167,3.291667475344598e-07,-0.0001281855455276,-0.0006857839750512,-2.376491591744654e-06,-7.332614000714216e-07,0.0012087301429228,0.0150424373937933,3.1,0.0,0.5105002645691628,179.992742,4.921838,snia-cosmo,norm,1.0,1.0,2020bec,100.0,10.421,0.1062826420446913,ZTF20aaifkyj,1.986600325008777,wall,18.678655494143758,18.769664470706385,37.672975873934355,0.0049362347986506554,0.29753150118613136,True
ZTF20aaifyrs,0.03411821,1.188e-05,z_gal,58881.70114894104,0.0033642331679215,-1.2606589101530383,0.0070024071217535,0.1640995127199858,0.0001308690873603,0.1477532411151231,0.035797378323899,8.632430907835945e-07,-0.0081391414625165,-0.0001699523506352,-5.072196075083593e-06,-3.877464080395688e-06,2.688989050911118e-05,0.0593084244561388,3.1,0.0,0.1745654157039146,255.386122,27.942731,snia-cosmo,norm,1.0,1.0,2020awa,100.0,10.642,0.1238103388251562,ZTF20aaifyrs,1.8411780300026812,wall,16.817784779485848,16.619585069986986,35.95275206523851,0.0048088182840767026,-0.1323240908374258,True
ZTF20aakbtyz,0.091664,0.00147363,z_SEDm,58889.8052881042,0.0005992200058416,0.4660427700191449,-0.1074642127400079,0.0639140093844616,1.7702755705905975e-05,0.0915451712159245,0.0259746217488112,1.4299904430111601e-08,3.66915375115631e-05,-9.095123276278382e-05,-3.054432870763627e-07,-3.99201061538381e-07,0.0002781145252036,0.0191893356810623,3.1,0.0,0.8228945111488126,175.579252,44.962026,snia-cosmo,norm,1.0,1.0,2020bjg,100.0,9.609,0.1017889974407843,ZTF20aakbtyz,1.1847510250389772,wall,18.69103423876558,19.089419286062284,38.186157165375626,0.004053863554427648,0.10410502510076058,False
ZTF20aakfofq,0.07838713,2.027e-05,z_gal,58890.48636264124,0.0007239303168713,0.069626880656497,-0.0526799606405554,0.0877458651229972,2.2751654877290416e-05,0.1202366256429353,0.0303453767462121,-3.0235927150753e-07,0.0034164885313566,0.0002213306951583,-5.819753175052361e-07,-5.807627027098574e-07,0.0002877294081084,0.0377693854645318,3.1,0.0,0.9137705814895568,114.665523,28.65285,snia-cosmo,norm,1.0,1.0,2020bol,100.0,8.7,0.1274401820463232,ZTF20aakfofq,1.4307244770482794,wall,18.485758088839788,18.65881373011742,37.826877324308604,0.004189343420720883,0.03277931022291669,False
ZTF20aaknzba,0.10983211,2.631e-05,z_gal,58889.94615843501,0.00043077274302,-0.2094894092952353,-0.1116938492140697,0.198537890901207,1.7874979623069782e-05,0.3493096324543021,0.0397471248930235,-1.7044978724294685e-07,0.0154924040095822,-0.0006333302766048,-3.148807728048361e-06,-5.693530441067261e-07,0.0030789745200758,0.0168730153883427,3.1,0.0,0.7270876078453778,210.391577,23.850319,snia-cosmo,norm,1.0,1.0,2020bqi,100.0,9.56,0.1033247308247159,ZTF20aaknzba,1.6927815003997886,wall,19.049379460803454,19.366301876065737,38.604912366560264,0.005054753595423601,-0.03776758608042441,False
ZTF20aakyoez,0.0407329,0.00042416,z_nonSEDm,58894.71527028943,0.0014639327981126,-0.3174625326328526,0.0938464121004327,0.0347158262193261,4.330169888362874e-05,0.0480982848412461,0.025614330809958,7.808058897988073e-08,0.0003936781398547,-4.929459329223334e-05,4.667745696126829e-08,-9.678097356999136e-07,-8.422114692622243e-05,0.0180047472407322,3.1,0.0,0.9998788984274896,200.870916,62.446232,snia-cosmo,norm,1.0,1.0,2020bpi,100.0,9.512,0.1041201229350023,ZTF20aakyoez,1.5950309833264853,wall,17.7211971478094,17.385828515729457,36.34796409361123,0.0040563741197908,0.2387073265323275,False
ZTF20aalejtl,0.06293424,1.023e-05,z_gal,58893.88422645224,0.0010189773236137,0.414235844638145,-0.0246081864348239,0.1415522746174247,3.1632664168108286e-05,0.166217582752948,0.0297870215172529,-2.063139735425528e-07,-0.007778768686643,-0.0001059128908023,-6.214008033781318e-07,-7.953065363009553e-07,0.0002377255542914,0.0475525514277005,3.1,0.0,0.6623287223928555,119.011778,33.787132,snia-cosmo,norm,1.0,1.0,2020bqr,100.0,10.186,0.1023914058893616,ZTF20aalejtl,1.820206970733257,wall,18.114588701757782,18.248867097955078,37.32690542147827,0.004161033511323334,0.12280458089090673,True
ZTF20aalrptc,0.05393363,1.537e-05,z_gal,58893.45415729665,0.0009769212189515,-1.315966031603322,0.1206152060213573,0.1505760775835369,3.746970057282896e-05,0.2186626247706246,0.036669784419387,-4.753604722565336e-07,0.0035995041646932,0.0003791761065523,-2.946865283799084e-06,-1.1422361113047098e-06,0.0016032031778925,0.0207376105443724,3.1,0.0,0.8633874805542763,234.764867,31.198421,snia-cosmo,norm,1.0,1.0,2020bqz,100.0,10.319,0.1059481005020854,ZTF20aalrptc,1.3940021486184484,wall,18.16035114329815,17.60220876020748,36.9780239958109,0.0047591633347878436,-0.17497233118932043,True
ZTF20aalyeut,0.08653925,1.762e-05,z_gal,58890.67379793205,0.0005088332937597,-0.565194904582605,-0.0519956203998836,0.2996311678216443,2.161897516924868e-05,0.3326950009984705,0.0412222447270764,-6.353735584082475e-07,-0.0301057409082037,-0.0007122262654492,-3.1630319280942665e-06,-6.997917249805912e-07,0.0037158867904465,0.0179628705592064,3.1,0.0,0.535190989978494,175.677966,7.851469,snia-cosmo,norm,1.0,1.0,2020buq,100.0,10.037,0.1011187420807834,ZTF20aalyeut,1.8277763817874193,wall,18.868561199653715,18.950620336251788,38.05374234791083,0.005152981289660033,0.0977208927550629,True
ZTF20aamaqak,0.07273147,4.607e-05,z_gal,58895.33340689551,0.0008352003708666,-0.6563059904810304,-0.1213981985097039,0.0767572073855262,2.4174722279628e-05,0.0988888669712057,0.0256909101181245,5.5288323504832575e-08,-0.0009171365710433,-0.0001707281095104,-1.0952890219481745e-07,-5.339282356544203e-07,-2.828337073589344e-06,0.0138661423464357,3.1,0.0,0.0717926572107789,170.875389,29.229697,snia-cosmo,norm,1.0,1.0,2020bzb,100.0,10.386,0.1232233744059949,ZTF20aamaqak,1.6181702017088977,wall,18.330523303738627,18.614974880451364,37.65584059273113,0.0040126208959735555,0.15997719213433415,True
ZTF20aamdqiz,0.08660672,2.022e-05,z_gal,58894.13932689113,0.0004943751003426,-1.619725929503209,-0.0766932003423191,0.1078334017911402,1.524697910265668e-05,0.1407858482878812,0.0301778697023682,-1.212322544990703e-07,-8.304042144017779e-05,-6.622247509866956e-05,-1.5552241186716074e-07,-3.888741181068441e-07,-3.122340782919484e-05,0.0182408349922528,3.1,0.0,0.8959687361653327,170.52673,17.761934,snia-cosmo,norm,1.0,1.0,2020bzc,100.0,11.222,0.1345362404707371,ZTF20aamdqiz,1.2735343681998637,wall,18.89985852752529,18.91084581845603,38.05553358969937,0.004146251590456021,0.05615513317075782,True
ZTF20aamdsjv,0.06096235,1.248e-05,z_gal,58898.69875812245,0.0010686444411098,0.757622439646069,0.0583099519877981,0.0963556034585053,3.261295917246401e-05,0.1242848219811731,0.0271103439517215,1.869858533933283e-07,-0.0025741282277237,-0.0002312714933444,-7.633678115684611e-07,-7.700742328085428e-07,0.0005277264797197,0.0135357735309075,3.1,0.0,1.92163791344082e-05,188.466635,31.309932,snia-cosmo,norm,1.0,1.0,2020cfb,100.0,10.587,0.1033247308247159,ZTF20aamdsjv,1.5623919612165127,wall,18.06291692254863,17.98822321293691,37.254783098940024,0.0041228995107257865,-0.0657169815890134,True
ZTF20aamgdkb,0.08050811,0.00551385,z_snid,58898.34531241855,0.0007035646700703,0.3634320991817669,-0.042649593185081,0.0837603417494392,2.0441933905804256e-05,0.1317092099653564,0.0255737136060652,2.4646019633198173e-08,0.0004334360201029,-2.9007846772000647e-05,-2.877754015495467e-07,-4.5107986281132e-07,0.0002025322273221,0.0079358182588768,3.1,0.0,0.9995859581111516,174.664027,67.589644,snia-cosmo,norm,1.0,1.0,2020cdi,100.0,8.25,0.1299576854210631,ZTF20aamgdkb,1.0734392477787624,wall,18.51673994257436,18.69983417533356,37.887993405344474,0.004020140848561549,0.01268367440318785,False
ZTF20aamknxn,0.08910319,1.032e-05,z_gal,58894.85197038994,0.0004361292292847,0.0079182427760934,-0.0690367847518801,0.2592518224664673,2.077767634732825e-05,0.3399849324096078,0.0438231124555019,-9.612199345556557e-08,0.0251342051786917,-0.0002608505718347,-3.206622671081949e-06,-7.787607621820598e-07,0.0041193620426239,0.0147342779778342,3.1,0.0,0.0004352510401202,229.05342,32.651504,snia-cosmo,norm,1.0,1.0,2020cgb,100.0,9.334,0.1092520022699813,ZTF20aamknxn,1.878250404020623,wall,19.03596201507711,19.25108460179659,38.12089536166235,0.005700544668839364,0.33103214454834473,False
ZTF20aamksoq,0.0789678,2.424e-05,z_gal,58895.886951986206,0.0004356205897518,-2.379597513902386,0.0613617813293164,0.1675026675184199,1.5039172985135849e-05,0.2153204166249227,0.0341628758116228,-4.138852204779001e-07,0.007574839102043,0.0003810130334689,-5.581496325972079e-07,-4.181199448774669e-07,0.000222315128637,0.0150128103639513,3.1,0.0,0.9999466668796608,184.291467,3.633427,snia-cosmo,norm,1.0,1.0,2020cox,100.0,10.826,0.1379311422413372,ZTF20aamksoq,2.128892068217245,wall,19.037229003395666,18.513863829328454,37.84376478455572,0.0044300110898097805,-0.12905805081316102,True
ZTF20aammbrw,0.06299521,1.021e-05,z_gal,58897.90717530132,0.0010669486617846,-0.6189622440842629,-0.0633657299677024,0.2153221797780133,3.926470514330443e-05,0.3510831892784888,0.0349858689909629,1.3710103534136425e-06,-0.0289174109152978,-0.0007239834281483,-5.703698673714719e-06,-1.1603716208026896e-06,0.0037040974718658,0.0340483260713499,3.1,0.0,0.6825759968604765,167.452809,0.8044,snia-cosmo,norm,1.0,1.0,2020cdp,100.0,9.501,0.1017889974407843,ZTF20aammbrw,1.4105425673631713,wall,18.064641192394905,18.174420241122988,37.32910059571691,0.0046214902656066615,0.04616254982018064,False
ZTF20aamqslk,0.08636314,1.135e-05,z_gal,58900.48768332281,0.0006662607770436,0.4066645440835027,-0.0322689690095113,0.1148769650426402,2.058713245889099e-05,0.1857239275038252,0.0301542067909454,-7.202272061638317e-09,0.0065888109351509,2.1726333103184204e-05,-6.834505469434769e-07,-5.201401669866385e-07,0.0004201328929801,0.0229038177275264,3.1,0.0,0.8975654377782449,170.31063,38.772098,snia-cosmo,norm,1.0,1.0,2020chn,100.0,10.808,0.1104943437466371,ZTF20aamqslk,1.107833703539227,wall,18.575889382539273,18.732856222640446,38.04906058427512,0.004150516493469314,-0.11536145722056956,True
ZTF20aamsjws,0.03015796,1.353e-05,z_gal,58903.03910331765,0.0011715601036933,0.7389993361689816,0.3913591873993338,0.1465187056892318,4.313797968237283e-05,0.1350936168652526,0.0326046686944323,-4.710359523741764e-07,-0.0003751882094035,0.0003123622588994,-1.0039152698090751e-06,-1.2376997032860694e-06,0.0002091398853925,0.0251829667864848,3.1,0.0,0.9884204854952264,160.961437,18.658408,snia-cosmo,norm,1.0,1.0,2020cho,100.0,10.408,0.1096585609973065,ZTF20aamsjws,1.2215591269723622,wall,17.963088565506286,16.85333499163201,35.67854550114078,0.004623229326639759,0.3756323949053305,True
ZTF20aamttni,0.05347949,1.033e-05,z_gal,58901.7906166743,0.0012048036473969,-0.4870865680392294,0.0978318562377507,0.1621362091173068,4.421212916537107e-05,0.1963307439216474,0.0347221856031456,3.381525963891475e-07,0.0034469678456363,-0.0006482625400856,-2.333568711950656e-06,-1.2663699885150583e-06,0.0003220591868834,0.0455580112346517,3.1,0.0,0.9423269875615006,247.986128,14.044222,snia-cosmo,norm,1.0,1.0,2020cli,100.0,9.938,0.1049952379872535,ZTF20aamttni,1.3585375242409472,wall,17.9327093159188,17.561238442056283,36.95896372225253,0.0046124459711212725,-0.1968823757821424,False
ZTF20aansmsj,0.10729668,3.128e-05,z_gal,58906.091045584624,0.000414291867517,0.9988892115821876,-0.0552280819041189,0.1902553395957511,1.342300984721664e-05,0.2186487743787022,0.0337846861894826,-2.9088084442433097e-08,0.0135480872556954,-7.921071530810998e-05,-5.166126870668139e-07,-3.6420856988214283e-07,-0.0001850674177423,0.017377356519983,3.1,0.0,0.659356322168522,198.561894,19.944348,snia-cosmo,norm,1.0,1.0,2020cww,100.0,9.145,0.1021812115802117,ZTF20aansmsj,1.8569997963579903,wall,19.091733979372876,19.40278552289715,38.55059493122515,0.004262472740807852,0.05303349608610419,False
ZTF20aanvqhk,0.08156958,1.118e-05,z_gal,58902.22120581807,0.0005413047115625,-1.0172548123131246,-0.0012624822084489,0.285765449883911,2.8870847983479726e-05,0.5383166132990106,0.0468605541710643,-2.20784732090056e-06,0.0638515504596891,0.0022917474528153,-8.525688120779635e-06,-1.1512087579852393e-06,0.0086168469837154,0.0375373422820802,3.1,0.0,0.4699133889838695,244.813276,15.119535,snia-cosmo,norm,1.0,1.0,2020cpq,100.0,10.478,0.1012719112093773,ZTF20aanvqhk,1.139038732542477,wall,18.801395481890445,18.662893503012796,37.918005099567495,0.006378390313067629,-0.054268692140596486,True
ZTF20aaoojli,0.05102338,1.468e-05,z_gal,58911.01121193315,0.0013894004718312,-0.6558396730799121,0.0416591668398627,0.1078578426640888,4.5390681910253495e-05,0.17599178920724,0.0304942036855032,6.923907585347124e-07,0.0084591266727432,-0.0003013367478993,-1.457391016418271e-06,-1.1370164801619728e-06,8.841067049250288e-05,0.0439115206921337,3.1,0.0,0.6473228859647644,119.482897,30.026928,snia-cosmo,norm,1.0,1.0,2020cvw,100.0,9.984,0.1038460398859773,ZTF20aaoojli,1.014157020606642,wall,17.77793139494527,17.556970423510506,36.85308892580741,0.004283134786422161,-0.09527559788280426,False
ZTF20aapadwx,0.03752329,1.325e-05,z_gal,58909.02042361914,0.0025494237779139,-1.4812527374313902,-0.0461572769957581,0.2851841996016446,9.250415313227203e-05,0.1638915627798672,0.0366484195002493,-2.0400978343840788e-06,-0.0185325825333519,0.000469733778825,-5.215328501865496e-07,-2.7541366526904208e-06,-0.0007749507000343,0.0140579677932456,3.1,0.0,0.0156457880179071,216.19743,26.287619,snia-cosmo,norm,1.0,1.0,2020ddr,100.0,10.413,0.1113597772986279,ZTF20aapadwx,1.2997211805295394,wall,17.118894919847506,17.054607095293964,36.16470027072773,0.004576983282884934,0.09074972898033751,True
ZTF20aapcmur,0.04221969,1.48e-05,z_gal,58910.1925923684,0.0019969123679705,-1.6920481231176203,-0.0458418259516278,0.2262880847993074,8.214443456443308e-05,0.2502075985219909,0.040750637099403,4.933454502003355e-06,0.001782869909375,-0.0025364823633139,-5.183120136682596e-06,-2.740362779463082e-06,0.0006088435784144,0.041643964440764,3.1,0.0,0.6426865523609813,235.280406,22.12916,snia-cosmo,norm,1.0,1.0,2020ddo,100.0,10.522,0.1672004784682149,ZTF20aapcmur,1.7832626958568778,wall,17.38410248296834,17.28932540618192,36.4281400744175,0.005019742842249106,0.062028236178523044,True
ZTF20aauowam,0.06420314,1.076e-05,z_gal,58958.60169604729,0.0012825524835211,0.8291582363710029,-0.0803332975322452,0.139726333116414,3.761742255600493e-05,0.0647191294429294,0.0255169513511637,-7.900472206220819e-07,-0.0053795852685948,0.0002165426118555,2.014495192600937e-07,-8.247436718791564e-07,-0.0002075241329585,0.0137076753271954,3.1,0.0,0.9998460095434752,233.637747,37.533875,snia-cosmo,norm,1.0,1.0,2020fxa,100.0,9.938,0.1008414597276338,ZTF20aauowam,2.0295352547333474,wall,17.86481213505843,18.229927510500332,37.3721750905237,0.0040390898107689165,0.058595324390736336,False
ZTF20aaurhio,0.0847179,2.116e-05,z_gal,58960.14405959286,0.0008037098712904,1.0597052251211612,-0.1378560355620446,0.1985309750962187,2.449674429987178e-05,0.0901203959768834,0.0272549796019498,-1.1362649488661987e-06,-0.0088210178869983,0.0006031745641852,1.6634026365622156e-07,-5.638144060094137e-07,-0.0004592410838675,0.0132514593046723,3.1,0.0,0.0001960517511887,255.135785,36.626282,snia-cosmo,norm,1.0,1.0,2020gkp,100.0,9.251,0.1113597772986279,ZTF20aaurhio,1.265292659324994,wall,18.372251743916472,18.947964185675776,38.00487862062784,0.004120132765921551,0.14392846946203564,False
ZTF20aaurucm,0.06425958,0.00564358,z_snid,58958.99677947125,0.0009489565781452,1.0116076190387724,0.0365958070659902,0.1496222055793623,2.917978668054975e-05,0.1253165949478356,0.0293861795785415,-2.7285595895673306e-07,-0.0087249216515981,0.0001263023058583,-1.6589226226728266e-07,-7.265528117941671e-07,-0.0001944288061878,0.0353095699233639,3.1,0.0,0.8212667525952285,129.642218,33.831072,snia-cosmo,norm,1.0,1.0,2020gct,100.0,8.651,0.1136485811614029,ZTF20aaurucm,0.19505459488018345,void,18.191884148340016,18.220062213100874,37.374168624590354,0.004139602939107681,0.04673649292462245,False
ZTF20aaurzce,0.02742803,1.004e-05,z_gal,58971.10360221234,0.005560551454714,0.975440758469,0.0259150173806446,0.0748741314309882,0.0001742970030409,0.0762347469911539,0.0294648403464557,1.521333781925484e-06,-0.0007748245172074,-0.0003065164388728,-1.0161509286083245e-07,-4.39571987217962e-06,-0.0003307391402641,0.0504600208680132,3.1,0.0,0.0936343596006629,128.800937,60.835895,snia-cosmo,norm,1.0,1.0,2020hla,100.0,9.252,0.1113597772986279,ZTF20aaurzce,1.8972104419393754,wall,16.272205340350926,16.328430492656587,35.468154762694354,0.00418322451125559,0.06111863437633447,False
ZTF20aausxam,0.07099098,1.768e-05,z_gal,58960.12721533683,0.0005423531660956,-0.380706702730848,0.184353240874455,0.1288780253489676,1.709635236918079e-05,0.1012928915717649,0.029455898455269,-2.69116531546105e-07,-0.0042757647277952,0.0002359783068442,-7.483362945628522e-08,-4.287904316993386e-07,-0.0001823725409039,0.0143641422623411,3.1,0.0,0.1367871068959064,168.069998,38.324986,snia-cosmo,norm,1.0,1.0,2020hdc,100.0,10.268,0.1012719112093773,ZTF20aausxam,1.318637036107179,wall,18.799294550546158,18.174500565453027,37.60063807579502,0.004196362189193193,-0.22529460592788964,True
ZTF20aautscv,0.05931496,1.481e-05,z_gal,58961.48420333299,0.0011474208451977,0.0049091843650003,0.0273987674267433,0.1652902478199394,3.715316329899168e-05,0.1550112649050944,0.0336081127436542,-9.35320939553699e-07,-0.0024167274714394,0.0004159806955051,-7.292496350564759e-07,-9.67509353378456e-07,-0.0005429957438397,0.0165831465362611,3.1,0.0,0.3217063190643801,165.90416,21.984882,snia-cosmo,norm,1.0,1.0,2020hfx,100.0,10.752,0.1379311422413372,ZTF20aautscv,1.0593090976330048,wall,17.98569316138211,17.901444268170305,37.19278635711905,0.004260932526549763,-0.09049918453464001,True
ZTF20aautzig,0.06493485,1.354e-05,z_gal,58958.285779143705,0.0008385374748819,-1.0403619666731414,0.0234461919861102,0.1459092612785753,2.6340561393717505e-05,0.1093810465543115,0.0284341521801925,1.6679497536205308e-07,-0.0087758307769901,-0.0001008003939134,-4.106184060928844e-07,-6.346603116564562e-07,5.618906950406169e-05,0.0164610756096751,3.1,0.0,0.1845310744480848,187.235057,40.847159,snia-cosmo,norm,1.0,1.0,2020hgg,100.0,10.801,0.1262101422231985,ZTF20aautzig,1.4177613328488123,wall,18.326193809178015,18.107859938686836,37.397890405289274,0.004188198252018747,-0.08918756218833634,True
ZTF20aauwjla,0.06450051,0.00317648,z_snid,58953.67662475058,0.0007295501840451,-1.6561424642590383,-0.0045819624170595,0.2566361347817292,3.4185938752258815e-05,0.2445167169329589,0.0419349266874272,-2.961225883212845e-06,0.0038344400243267,0.0018909116837088,-3.628993571940357e-06,-1.1621037839728363e-06,0.0026660913459327,0.0385665106723396,3.1,0.0,0.999722143489984,224.391228,20.458934,snia-cosmo,norm,1.0,1.0,2020hks,100.0,,,ZTF20aauwjla,1.9951361432020775,wall,18.477362071611903,18.259706210108522,37.38265970404823,0.005613411481982211,0.07788941047439424,False
ZTF20aauwjmw,0.03051727,1.566e-05,z_gal,58965.11455835325,0.0026063323900117,-1.785599215654862,0.0066279705907729,0.2505060061303084,8.776725737464058e-05,0.1259374083598169,0.0330177181343255,2.0241454863788617e-07,-0.0150657923323992,-0.0010928330242508,-1.5879677961863896e-07,-2.3810043008859783e-06,-0.000340091372225,0.018282001986634,3.1,0.0,0.0100266133972465,220.301587,14.891041,snia-cosmo,norm,1.0,1.0,2020hhj,100.0,10.51,0.1836191711123868,ZTF20aauwjmw,1.2961574722348825,wall,17.09492549693982,16.82439489791674,35.70483586152314,0.004361762002518058,0.32040194080770534,True
ZTF20aavhire,0.03745727,1.18e-05,z_gal,58963.59120674018,0.0026013701715305,0.4535064474508124,0.1136892380759061,0.3086640577457729,9.668962860244078e-05,0.1837739603642514,0.0351993633768644,-4.922771493289631e-06,-0.0360054407685382,0.0019640286588733,-1.206778416376487e-06,-2.849447636667304e-06,-0.0007652042696327,0.0232750235162936,3.1,0.0,0.7894857773030458,208.367382,7.909565,snia-cosmo,norm,1.0,1.0,2020hfk,100.0,9.992,0.1203702621082134,ZTF20aavhire,1.3176526875164147,wall,17.096994609692654,16.80804887430046,36.160772373657046,0.004653561305619253,-0.15188059494248363,False
ZTF20aavqfli,0.06643985,2.694e-05,z_gal,58975.56442388609,0.0012293940430531,0.342762023261329,-0.1232319200984451,0.0898472638036764,3.9847398250963647e-05,0.1311755811571074,0.0317115903729594,3.044443259267562e-07,0.0038047718825059,-0.0003999380730361,-1.373102026856794e-06,-9.986206399605073e-07,2.37383876778467e-05,0.0200376474683734,3.1,0.0,0.1842031516930811,173.789006,21.107104,snia-cosmo,norm,1.0,1.0,2020hzi,100.0,9.611,0.1011187420807834,ZTF20aavqfli,1.7511992458081744,wall,17.910772238887574,18.34077787444934,37.44991855081706,0.004263415479319376,0.09170222804638273,False
ZTF20aavrloz,0.04337762,1.445e-05,z_gal,58974.38350266674,0.0017091141691691,-1.8422320002665635,-0.0625388293106075,0.0394940508267609,5.03550347411573e-05,0.0468585666352968,0.0258323906930367,2.045875102021432e-07,0.0003996388165374,-0.0001065990025998,3.8402828238964566e-08,-1.1264903954449135e-06,-8.390269373227568e-05,0.0139333392009495,3.1,0.0,0.9999920020117689,219.741307,51.082701,snia-cosmo,norm,1.0,1.0,2020hyi,98.52941176470588,10.531,0.1712337583538947,ZTF20aavrloz,1.0003906058557581,wall,17.55307231337951,17.489030204205072,36.48870259338791,0.004048274827209963,0.20117051523126095,True
ZTF20aavrukn,0.07567812,1.312e-05,z_gal,58971.35041041982,0.0006406675285264,1.3825074251516518,0.01582125729076,0.1208617141055583,2.098742341796024e-05,0.1742236857974652,0.0293476423874758,4.032906236268113e-07,0.0025678309281544,-0.0003288345634813,-1.1049278628740072e-06,-5.091980132182489e-07,0.0005998294511593,0.0196870422606862,3.1,0.0,0.9990153061230228,201.302532,20.16628,snia-cosmo,norm,1.0,1.0,2020hyg,100.0,9.28,0.1035808862676893,ZTF20aavrukn,1.303247201089437,wall,18.618418217877277,18.762923359797153,37.746478394352465,0.0042900318591048555,0.21728786985878956,False
ZTF20aavzlxm,0.07352372,1.893e-05,z_gal,58977.507975880624,0.0009575749108471,0.9054163549321202,-0.0886447379330942,0.0749443318709381,2.817078328137628e-05,0.0872509380654703,0.0267357706069507,1.871081836646109e-07,-0.0008000638886111,-0.0001915670214079,-1.6658639807919053e-07,-6.452298701270932e-07,-5.498095780380733e-05,0.0177287514690041,3.1,0.0,0.8342569448893731,230.508279,50.170503,snia-cosmo,norm,1.0,1.0,2020ibs,100.0,10.401,0.1030776406404415,ZTF20aavzlxm,2.439527850333447,wall,18.182068103202635,18.583625080485724,37.68055042509167,0.004045236760539532,0.10391755980815931,True
ZTF20aawcjrx,0.05081315,1.978e-05,z_gal,58976.22203442877,0.0003873690183571,-0.6828253536853004,0.4401705137486582,0.1118616305684554,1.3507332164629657e-05,0.1232665047812119,0.0318464660930798,-1.0218278395335921e-07,0.0002312089783427,0.0003049208133845,-3.044976442217473e-07,-3.732555748474432e-07,0.0002206464592522,0.0197724706220733,3.1,0.0,0.0210931325836765,138.53548,56.090257,snia-cosmo,norm,1.0,1.0,2020ihw,100.0,10.094,0.1358823020117042,ZTF20aawcjrx,1.1795102734118026,wall,19.164687792383823,17.704563650247042,36.84379881858165,0.004458303078577462,0.061607736079497655,True
ZTF20aawdjlp,0.02748878,0.00517325,z_snid,58979.48188950728,0.003405451902706,-1.1210078417741711,-0.0214186776875964,0.0658416199912608,0.0001062273443009,0.080113155507608,0.0285564149529493,4.486573873150388e-07,-0.0002656913590815,-1.2757501386987496e-05,-4.511199977803842e-07,-2.5811779731690127e-06,-0.0001686878165409,0.0101968030745642,3.1,0.0,0.9999706178656852,164.827854,43.657151,snia-cosmo,norm,1.0,1.0,2020ihr,100.0,9.29,0.1006031808642251,ZTF20aawdjlp,1.8030450914217577,wall,16.804563122866064,16.71401992584923,35.47305609361656,0.004172022102528643,0.4418067366467676,False
ZTF20aawmlfq,0.03174675,1.248e-05,z_gal,58977.84789600991,0.0051030478788933,-0.8248488926335308,-0.008582515866786,0.1248198789835441,0.0001757770086926,0.0840872106326231,0.0296465049371914,-2.383357500792946e-06,-0.0041194150494591,0.0003619071566305,-2.4062277189775475e-06,-4.570943448021789e-06,7.688955262070611e-05,0.0752795213593957,3.1,0.0,0.9963276113236263,244.532163,21.066266,snia-cosmo,norm,1.0,1.0,2020igy,100.0,10.806,0.1084619749036499,ZTF20aawmlfq,1.5012364696401939,wall,16.365425892298163,16.276552846516505,35.79255798103565,0.004423664309412986,-0.3151622301050422,True
ZTF20aawqywr,0.05000554,1.31e-05,z_gal,58980.47417308584,0.0011706451463681,0.517082015913363,0.1746223758929662,0.1138082059587759,3.844649801789898e-05,0.1176587123178876,0.03085878211374,6.96013986977467e-08,-0.0008413792678004,4.734880173502014e-05,-5.77061107928716e-07,-1.002250604054793e-06,-0.0002061153949554,0.0100837720250019,3.1,0.0,0.2438559945003022,145.266572,34.733586,snia-cosmo,norm,1.0,1.0,2020ilb,100.0,10.738,0.145,ZTF20aawqywr,1.0961777517337443,wall,17.96393682792418,17.494998944883857,36.807761029375754,0.004296486275878731,-0.11191918007779533,True
ZTF20aaxablt,0.05173276,0.00157865,z_SEDm,58982.988818808924,0.0015716471729755,1.1540822336874057,-0.0296490719759686,0.178373268663563,5.491823569040528e-05,0.2058739331936954,0.0346522065670114,3.190521676031172e-07,0.0029340923490398,-0.0004659321918069,-2.9504211704428408e-06,-1.4464382149850243e-06,-0.0007319349838229,0.0502970876156005,3.1,0.0,0.9855616240076452,163.147185,25.118055,snia-cosmo,norm,1.0,1.0,2020ipb,100.0,9.086,0.1014347080638575,ZTF20aaxablt,1.377352324072769,wall,17.64411236079926,17.897595996640998,36.884165530675034,0.004464367464878197,0.214273370380066,False
ZTF20aaxfzhw,0.06310854,0.00341211,z_snid,58978.877850582976,0.0006044119977891,-2.0269886697762227,-0.0223130759162013,0.1291203460277756,2.0005497061542506e-05,0.1454543490709449,0.0327381627512158,-2.2959816026352417e-07,-0.0014765501491189,0.0002012129305733,-4.547952784604545e-07,-5.361811249385665e-07,0.0001561629711591,0.0165817379238875,3.1,0.0,0.8176123989583824,185.950951,3.010633,snia-cosmo,norm,1.0,1.0,2020iyh,100.0,,,ZTF20aaxfzhw,0.7119498507515711,void,18.681667308376024,18.467059429947575,37.33317552505635,0.004316460654436329,0.3347268093053296,False
ZTF20aaxicpu,0.0721189,1.36e-05,z_gal,58979.92573737778,0.0006244505553558,-1.5981766255520171,-0.0517595423674043,0.0836568376507784,1.9087999232931467e-05,0.0954913797924964,0.0285700326229725,7.860530807186647e-08,-0.0005162140421681,-0.000101363321898,-1.5954234622534353e-07,-4.5499875524685284e-07,-0.0001283455961793,0.0075641835598813,3.1,0.0,0.5706136984422026,209.676694,43.126417,snia-cosmo,norm,1.0,1.0,2020jdq,100.0,10.54,0.1569745202254175,ZTF20aaxicpu,1.3368946613302901,wall,18.646254859542715,18.582964713304385,37.63655760341592,0.004126471705023017,0.14725001430256357,True
ZTF20aaxuwuh,0.07026752,2.014e-05,z_gal,58982.40842827252,0.0005946996461037,-0.947553863292138,0.0731515916896439,0.0633718321914784,1.7976233933330124e-05,0.0675717148159079,0.0261608718006642,-1.0254846868510332e-08,-0.0002253363148042,1.2838346044640525e-05,-1.2884783881550038e-07,-4.083534198699161e-07,2.266170568205226e-05,0.0291783792767903,3.1,0.0,0.066337164156685,233.80074,33.199423,snia-cosmo,norm,1.0,1.0,2020jbh,100.0,10.891,0.1226417547167358,ZTF20aaxuwuh,1.1534205017931691,wall,18.699255799855962,18.339828324757164,37.57730996503466,0.004102086796444852,-0.03663873586339206,True
ZTF20aayknlo,0.01980378,1.288e-05,z_gal,58985.853410429576,0.0108673200768773,-1.392163156898998,-0.1307893829386419,0.1713245166829438,0.000398146382393,0.1025850166771816,0.0362128071422865,6.047775089862325e-06,-0.0057181915259231,-0.0011909635343421,-1.0017458203019168e-05,-1.165330647157449e-05,2.612859281971297e-05,0.0175461352608802,3.1,0.0,0.5579140798669069,175.561331,20.097525,snia-cosmo,norm,1.0,1.0,2020jee,100.0,9.869,0.1274401820463232,ZTF20aayknlo,1.6185715972973815,wall,15.54469385351942,15.75523809866335,34.74866858571836,0.004607301613043817,0.2074124173590869,False
ZTF20aayvubx,0.04070778,1.105e-05,z_gal,58992.98416216359,0.0026317168192406,0.8227372225527793,-0.0224907598341501,0.0704447534226346,7.80687955276387e-05,0.0682132012595058,0.0262362063335618,7.234883971371906e-08,-0.0005296107914186,-4.869965908707653e-05,-1.4990210644484638e-07,-1.7734092530374056e-06,-5.2532735336611e-05,0.0192903838431244,3.1,0.0,0.5513189435420338,201.030682,62.427152,snia-cosmo,norm,1.0,1.0,2020jnr,100.0,9.919,0.1017889974407843,ZTF20aayvubx,1.5905464440835146,wall,17.084402109888433,17.269306676531688,36.34658516564052,0.004062349939131293,0.12356441530527051,False
ZTF20aayvymx,0.06426602,1.777e-05,z_gal,58988.21427012403,0.0008336150256813,-0.1208751783618482,0.0342892310587923,0.0610630602313904,2.491595892263333e-05,0.0889138914804357,0.0260726951563858,8.103924124553063e-08,0.0008055254424035,-0.000152520017679,-2.2867184325164225e-07,-5.612612020964042e-07,-1.4560402314751496e-05,0.0450370454415707,3.1,0.0,0.7627491403716299,233.78445,23.945583,snia-cosmo,norm,1.0,1.0,2020jjf,100.0,9.741,0.1059481005020854,ZTF20aayvymx,1.0153202299347164,wall,18.332586164838872,18.209367023585955,37.37439598677494,0.004078107690365233,0.035813941225114276,False
ZTF20aazgtmp,0.02370821,2.098e-05,z_gal,58993.14482756735,0.0053280477204547,-1.5247051769539386,-0.0561943372370418,0.1594062942822347,0.0001832915557935,0.1146317230814307,0.0355960817308583,-8.555286348633153e-07,-0.0006394912489738,-0.0003696708040421,-2.4353555025824963e-06,-5.311064842471971e-06,-4.575511017114369e-05,0.026468577124179,3.1,0.0,0.8930588703860841,180.743751,20.085418,snia-cosmo,norm,1.0,1.0,2020jny,100.0,9.213,0.1146123902551552,ZTF20aazgtmp,1.4883114201305474,wall,16.318579735196238,16.279323455857515,35.145714356851926,0.004420074316026276,0.3344520034196913,False
ZTF20aazhzna,0.03656528,1.101e-05,z_gal,58991.90999908772,0.0007939881620297,-2.6011425292711343,0.2768499244393035,0.119609697296255,2.6525035733620985e-05,0.1663712355107809,0.0309254410987743,-3.8693587387179924e-07,0.0012059174232444,0.0002531989219932,-5.784867166766923e-07,-7.04052911257285e-07,0.0004048031904514,0.0184197176109017,3.1,0.0,2.236691113896052e-07,216.099767,26.689721,snia-cosmo,norm,1.0,1.0,2020jsa,100.0,10.51,0.1062826420446913,ZTF20aazhzna,1.3144731090947486,wall,18.385464931600723,17.163070211740923,36.107030762134144,0.004340626281383115,0.25688235402088055,True
ZTF20aazjwgh,0.05572311,2.184e-05,z_gal,58993.79048740943,0.0002987428702444,0.9566491435394024,0.5006272153299209,0.1674945011909585,1.0067780402535316e-05,0.1810825744432994,0.0303063643965995,-2.74164724080916e-08,0.0059613997580587,4.175747555571532e-05,-3.39076358311283e-07,-2.651941240066233e-07,0.0005921995893543,0.010774462438219,3.1,0.0,0.6369783402861909,198.786057,48.535613,snia-cosmo,norm,1.0,1.0,2020kaw,100.0,10.123,0.1044030650891055,ZTF20aazjwgh,1.1240116246439498,wall,19.446756126828873,18.028742639401635,37.05164954157169,0.00436381635722621,0.17793600224404515,True
ZTF20aazkxcw,0.03527774,1.298e-05,z_gal,58989.92959633953,0.0031453227373058,-1.7385146575042971,-0.0162198967544377,0.1429668973214575,0.0001113171209102,0.1050244923703089,0.0333310970405412,-6.284716058174993e-07,-0.0019286105125825,-0.0001714703985662,-1.959388148313113e-06,-3.0742856795698755e-06,-2.605023902468405e-06,0.0460120517661032,3.1,0.0,0.0345127651729106,238.972698,11.978685,snia-cosmo,norm,1.0,1.0,2020joh,100.0,11.026,0.1118033988749895,ZTF20aazkxcw,1.4770249728344254,wall,16.890836963909422,16.697726591797576,36.02715797003699,0.004501529545383897,-0.1285884738253108,True
ZTF20aazstdx,0.06012934,1.358e-05,z_gal,58996.434958819664,0.0012824218747919,-0.7192820799430961,-0.0804119175785126,0.1561377337566227,3.987842679308614e-05,0.1125153166706079,0.0308055976304493,3.095494067489122e-07,-0.0092973594265013,-5.123775759430448e-05,-3.216573635660932e-07,-1.0057884930377625e-06,-0.0003308885720163,0.017203139055218,3.1,0.0,0.0513984195981219,223.873257,32.831661,snia-cosmo,norm,1.0,1.0,2020kbk,100.0,10.569,0.107335921293852,ZTF20aazstdx,1.4285315298386778,wall,17.864922706632456,18.01350015993381,37.22363862033813,0.004164889725982245,-0.009295555990217808,True
ZTF20abajdvf,0.07376808,0.00310846,z_snid,58999.13702174321,0.0004405201858378,-1.87103458847184,0.030850719833457,0.0619677644281182,1.2931915640320984e-05,0.0619113743355805,0.0254843433878812,1.1231651447665913e-07,-0.0009450265578896,-0.0001861331690656,-4.498583680391888e-08,-2.840817746887784e-07,-4.07090734143545e-05,0.0082700967050378,3.1,0.0,0.9992176399609358,225.691285,58.534783,snia-cosmo,norm,1.0,1.0,2020krw,100.0,9.213,0.1059481005020854,ZTF20abajdvf,1.1652172631192477,wall,19.025085465592312,18.667503391722537,37.68812047113942,0.0040408807669939425,0.1802258249972185,False
ZTF20abatfzl,0.09657273,1.17e-05,z_gal,59003.71114146578,0.0004780989186031,0.212145205900479,-0.0890118533507739,0.0792529391364951,1.4685447191118324e-05,0.1155738390309815,0.0278077188211122,1.1663250080100456e-07,0.0036054607796191,-0.0002369940177235,-3.517699184405972e-07,-3.432235866078168e-07,0.000174306611217,0.0055124603220983,3.1,0.0,0.000830128220874,200.363611,48.441102,snia-cosmo,norm,1.0,1.0,2020kui,100.0,8.698,0.1299576854210631,ZTF20abatfzl,1.2622858059314581,wall,18.936205596550305,19.24184267076377,38.30655513226926,0.004137211724631005,0.13613044290861198,False
ZTF20abatmsa,0.10716769,0.00338378,z_snid,59004.194518069686,0.00037603965085,0.1666419283355327,-0.0095472656857493,0.0580962850617652,1.1285086497273412e-05,0.0765395085182552,0.0261038249513869,3.3082532519827834e-08,-8.152126181762598e-05,-6.564865678608525e-05,-1.49821565946398e-07,-2.551898913321989e-07,7.844623566539551e-05,0.0151424633741584,3.1,0.0,0.1960292713088835,245.96024,50.152648,snia-cosmo,norm,1.0,1.0,2020lbo,100.0,,,ZTF20abatmsa,1.6972179789238209,wall,19.19691589807013,19.24984229166293,38.54779924782076,0.004086673904628457,-0.09711405174373111,False
ZTF20abatows,0.09436009,2.037e-05,z_gal,59002.740871441936,0.0004080455528391,0.3292750840624944,0.021086611172308,0.0698715947764867,1.2496766970405668e-05,0.0870360384943887,0.0262605544209968,1.628103457875353e-07,-4.8902731319426736e-05,-0.0002870533455891,-1.9061550225727986e-07,-2.824947496890324e-07,5.1533071148034177e-05,0.0263604938846481,3.1,0.0,0.9795225689689152,243.532376,30.041674,snia-cosmo,norm,1.0,1.0,2020ksl,100.0,10.66,0.1012719112093773,ZTF20abatows,1.428886039563652,wall,19.10822837755507,19.088958394689666,38.25302138284061,0.004130672950560941,0.03677991626316002,True
ZTF20abavxpk,0.03018042,1.039e-05,z_gal,58999.75054912593,0.0003541564811671,-1.834175710829976,0.7906794185988597,0.1533991908436291,1.2935468931562523e-05,0.1662066931246568,0.0329978422665295,1.808393124964477e-07,0.003470247019932,-0.0001841411467351,-1.2606587755468158e-07,-3.696549004627746e-07,-9.756032612320588e-05,0.0444775206505279,3.1,0.0,0.7006476953274108,259.121701,29.445494,snia-cosmo,norm,1.0,1.0,2020kte,100.0,10.177,0.1345362404707371,ZTF20abavxpk,1.366930603244706,wall,19.26201201519234,16.554121218019677,35.68019784229941,0.004597615698005738,0.07476628013437236,True
ZTF20abawntz,0.07776592,2.5e-05,z_gal,59000.07858938248,0.0005808995755974,-2.1254615897117546,0.0487661295266177,0.2316917821117385,3.032042170155239e-05,0.3562884390286986,0.0467359246991825,1.4373943921875009e-06,0.0182540557160644,-0.0017350202574328,-4.362139246182692e-06,-1.1646780632229276e-06,0.003068641590631,0.0496482834220124,3.1,0.0,0.9495302400270644,234.54801,3.027908,snia-cosmo,norm,1.0,1.0,2020kzn,100.0,10.624,0.1421302219797042,ZTF20abawntz,2.029361879773283,wall,18.724747352043096,18.276007727950937,37.808678075075115,0.006236567068999155,-0.3318274427100759,True
ZTF20abbeeyt,0.08125977,0.0035,z_snid,59002.96771919532,0.0005432548230088,-0.3334472651984539,-0.0973077696876076,0.149964614858618,1.871836820356148e-05,0.2123432583321021,0.0423715888727458,4.596444647948547e-07,-0.0064191801875249,0.0006434874697013,-1.4026057637317856e-06,-4.360373605850683e-07,-0.0012338851813353,0.0228136100868835,3.1,0.0,0.5503694725977198,230.213405,33.424553,snia-cosmo,norm,1.0,1.0,2020kzo,100.0,8.737,0.1113597772986279,ZTF20abbeeyt,1.4627459391497646,wall,18.79749102332481,19.05246249222861,37.90928430010257,0.004424514590158418,0.3440210965401421,False
ZTF20abbhyxu,0.03182312,1.204e-05,z_gal,59008.3693498284,0.0047057309947392,-0.5302955601387108,0.0530013608011873,0.0654767004816676,0.0001548522518184,0.0727751198570434,0.0285201355396084,1.5126077202819351e-06,0.0003954390932043,-0.000295677305864,-2.2274053252097904e-06,-3.7982466660121816e-06,4.17509223086364e-05,0.0775407488571494,3.1,0.0,0.9628866652113508,243.439665,22.920707,snia-cosmo,norm,1.0,1.0,2020kyx,100.0,10.983,0.1672004784682149,ZTF20abbhyxu,1.4906287408136527,wall,16.453432257731887,16.214886660828785,35.797896670444814,0.004301525504852208,-0.38216710520192676,True
ZTF20abcbxpj,0.08390422,0.00284429,z_snid,59008.3618618587,0.0006103466286677,-1.9154809040009864,-0.0787206624788742,0.0852004189437138,1.932709198537003e-05,0.1232106873902366,0.0292253075549983,1.5777264534401957e-07,0.0038799408357435,-0.0003911946633147,-4.146349207111042e-07,-4.641063585790396e-07,1.322292022115285e-06,0.0335815099010838,3.1,0.0,0.484893753699783,200.099204,45.261208,snia-cosmo,norm,1.0,1.0,2020lkq,100.0,9.221,0.1035808862676893,ZTF20abcbxpj,0.7003899021049745,void,18.671058624922054,18.646925352046424,37.982724869129754,0.004207030185225409,-0.13495661266922865,False
ZTF20abcqpdj,0.05330374,1.012e-05,z_gal,59012.11312590685,0.0007114360908992,0.93644102546626,0.2920919156262436,0.2547755968589626,2.8968627376351483e-05,0.2414654345139754,0.0342091215464837,-2.100554185241508e-07,-0.0139783392171031,-0.0001571569402064,-2.051747932907705e-06,-8.465194884544711e-07,0.0006634583062095,0.0133140378666587,3.1,0.0,0.4605028833122858,182.720066,42.934258,snia-cosmo,norm,1.0,1.0,2020lqo,100.0,9.615,0.1026109155986827,ZTF20abcqpdj,1.7417518657895865,wall,18.504660267467976,17.7302770725919,36.95154548311362,0.004979486562238684,-0.020425506107618063,False
ZTF20abcsbux,0.08433286,0.00304631,z_snid,59009.48653660357,0.000703618098775,0.4487397826132994,-0.1225951796391011,0.2093239378591533,2.328773894313572e-05,0.1678651241617883,0.0298973424106115,-3.155210315478096e-07,-0.0096453062659095,-0.0002292663636638,-9.251775931121884e-07,-5.641160928873215e-07,0.0001699969768722,0.0257927744447486,3.1,0.0,0.2435514547765123,220.541591,11.155869,snia-cosmo,norm,1.0,1.0,2020lhh,100.0,8.426,0.1226417547167358,ZTF20abcsbux,1.9555662612597517,wall,18.51665749489183,18.959526121338904,37.99442066457682,0.004316306341581397,0.16594836117618372,False
ZTF20abcsjtx,0.03067025,1.209e-05,z_gal,59011.703095297744,0.0025138950398663,-1.0442259934521991,0.1331383845201973,0.1097712053706345,8.589135653051805e-05,0.0782455389602577,0.0303038002187173,-8.717623387595385e-08,-0.000105185905397,-0.000198126593011,-1.216649203549962e-06,-2.204885963217752e-06,-7.423175433024371e-05,0.0326807846123896,3.1,0.0,0.987484446700321,219.498597,9.388583,snia-cosmo,norm,1.0,1.0,2020lil,100.0,9.645,0.1084619749036499,ZTF20abcsjtx,1.5566871919814005,wall,17.13413214733167,16.57521151623575,35.71593738371354,0.004401110414121008,0.06011703693631476,False
ZTF20abdzrxo,0.03026525,1.065e-05,z_gal,59017.81944582668,0.0053201912400703,-0.3041486421343206,0.0477265777259725,0.0801425618046778,0.0001739496721182,0.0681830437151902,0.0286116466403233,1.1593261921525015e-06,-0.0010341781243782,-0.0002356404655084,-2.2493734127984905e-06,-4.289589493070139e-06,5.284703972073248e-05,0.0462902359443945,3.1,0.0,0.7810316322003465,243.515609,14.282624,snia-cosmo,norm,1.0,1.0,2020lsc,100.0,11.218,0.1393161871427724,ZTF20abdzrxo,1.0102582659931634,wall,16.320181890590156,16.129648689740836,35.686427785792745,0.004285205530927849,-0.35593619163780643,True
ZTF20abeeahl,0.04888182,1.629e-05,z_gal,59016.60857375826,0.0015516974006269,-1.730614852197102,-0.0356499298766325,0.0714477836118021,4.641961982690054e-05,0.0569092550076733,0.0267432205394243,2.791869376602304e-07,-0.0009283837143297,-0.0002468727348654,1.1956689720955558e-08,-1.0643955984466204e-06,-0.0001514576625468,0.0307574840526397,3.1,0.0,0.9825211719994936,237.974,34.073391,snia-cosmo,norm,1.0,1.0,2020mdd,100.0,10.11,0.1244025723206719,ZTF20abeeahl,1.2404859452301789,wall,17.65798241847275,17.526211121782715,36.75666859321644,0.004079964227033359,-0.029614567019621618,True
ZTF20abeeyrs,0.08357717,0.00375366,z_snid,59020.9203337442,0.0007422850839042,0.6006485390243947,-0.1063745699267099,0.2377135718816134,2.6456237200771617e-05,0.2211810710017124,0.0317112616834941,7.669911211739541e-07,-0.0133057451482438,-0.0009802442571763,-1.9909007357337047e-06,-7.004575444472159e-07,0.0012897608702378,0.0115273471531554,3.1,0.0,0.9471551202543318,178.548603,55.345728,snia-cosmo,norm,1.0,1.0,2020maz,100.0,8.201,0.25263412279421,ZTF20abeeyrs,1.3087481071617177,wall,18.45857316608826,18.872425128324476,37.97376269248734,0.004522487908098728,0.09950534025123703,False
ZTF20abeeytg,0.0427352,1.583e-05,z_gal,59020.35767431185,0.0020258738231824,-1.6001740570237046,-0.0474830273761913,0.1390001455729361,6.964361785001126e-05,0.1226832006278821,0.0341533590654619,7.590216332528934e-07,-0.0013077237280916,-0.0005650844349256,-1.1718033252497602e-06,-1.938999492310521e-06,-0.0002570012049856,0.0120665623514331,3.1,0.0,0.8841159473342706,188.708462,58.915145,snia-cosmo,norm,1.0,1.0,2020mba,100.0,10.996,0.1069766329625306,ZTF20abeeytg,1.843072796961236,wall,17.368469017876254,17.29164203475913,36.45529937680101,0.004418113503286438,0.037185562372222036,True
ZTF20abefbiq,0.08079409,1.995e-05,z_gal,59020.27415880229,0.0006564738286075,-0.969313579802888,-0.0588540323933577,0.1449540888424962,2.1104429362378964e-05,0.1265673987220059,0.0294545526543064,2.016495579257746e-07,-0.0031758690784645,-0.0004061916668585,-4.780034858666182e-07,-5.073933233059148e-07,-0.0001126658493622,0.033625199453594,3.1,0.0,0.9478054648916284,224.087822,9.336077,snia-cosmo,norm,1.0,1.0,2020mnw,100.0,10.817,0.1077032961426901,ZTF20abefbiq,1.801222497624524,wall,18.591956457705894,18.6387000569529,37.89611609655366,0.004243319046684202,-0.05657313518666085,True
ZTF20abefbnz,0.06751794,1.118e-05,z_gal,59014.15773138874,0.0007089809792391,0.5613976624910499,-0.031932357419355,0.2694003435572085,2.333505068392882e-05,0.1524920660955468,0.0288458676225446,-6.062654073603291e-07,-0.0223998449270747,0.0003429287405259,-4.809850275445411e-07,-5.619290728102563e-07,-0.0001080584144823,0.0161260013326488,3.1,0.0,0.946779783184424,209.562027,23.611531,snia-cosmo,norm,1.0,1.0,2020lwl,100.0,8.837,0.1096585609973065,ZTF20abefbnz,0.7824760979612342,void,18.508413540118177,18.685999520866925,37.4864972537561,0.004302017853662289,0.40034517152492854,False
ZTF20abefzfc,0.08494564,0.00440454,z_snid,59019.65413322892,0.0006552287651308,0.8115636336473854,-0.0762034735593979,0.1193580452927562,1.9631166143809203e-05,0.106275576056021,0.0274787784293941,1.0055236495767548e-07,-0.0033205399512551,-0.0001483886206361,-2.357071290062639e-07,-4.515807240247845e-07,-0.0001827803229112,0.0373801683700909,3.1,0.0,0.1376461470489605,261.864147,30.192534,snia-cosmo,norm,1.0,1.0,2020mes,100.0,7.446,0.5236372790396039,ZTF20abefzfc,1.7417525476110391,wall,18.594017612279057,18.943867289023824,38.011042913187225,0.004083168738487797,0.13366728025070118,False
ZTF20abeoicg,0.03921442,1.103e-05,z_gal,59023.987159560966,0.0016158919019225,-0.3111063364865241,0.19859630193667,0.1327175380429253,5.3696298983646864e-05,0.0909267874653214,0.0286302642745922,-3.0994390734678564e-08,-0.0063980937014092,8.450123339068003e-05,-8.222834639967516e-07,-1.3260765489943978e-06,1.0849727669401244e-05,0.031638221812167,3.1,0.0,0.9409957196243176,219.260534,23.627579,snia-cosmo,norm,1.0,1.0,2020mfx,100.0,9.348,0.107335921293852,ZTF20abeoicg,1.3176627803245322,wall,17.613969238805826,16.95476581569404,36.26308412466105,0.004326705491396642,-0.10747540455290816,False
ZTF20abeolsw,0.06408383,2.327e-05,z_gal,59021.76158679036,0.0007060682008784,-1.9178502316890225,-0.0287927241728951,0.1382801611216564,2.3120098081816387e-05,0.1128086029467146,0.0305663041496758,2.9973401304552925e-08,-0.0022848912017748,-7.549389274896592e-05,-3.419788900733771e-07,-5.848504248679886e-07,-2.7216005165932665e-05,0.0120987904745889,3.1,0.0,0.3965157506594597,211.268118,29.526135,snia-cosmo,norm,1.0,1.0,2020mkm,100.0,10.004,0.1044030650891055,ZTF20abeolsw,1.8396519334238481,wall,18.512883368352767,18.33364178085228,37.367955356656694,0.004288963925208679,0.16652932860968706,True
ZTF20abfemvr,0.07239985,0.00325,z_snid,59027.788583145695,0.0007372812022212,0.7560780893033985,-0.0599853112548857,0.0982392322148371,2.2919789596616703e-05,0.1243236998637432,0.027330532359853,1.2155044815313946e-07,-0.0012874884317934,-0.0002239222507908,-8.191001756986053e-07,-5.278280403721079e-07,0.0005009150066961,0.0105690459949781,3.1,0.0,0.6041704757819655,203.06903,29.846313,snia-cosmo,norm,1.0,1.0,2020mvm,100.0,7.711,0.2155945268321995,ZTF20abfemvr,1.0742040022193122,wall,18.46591709690398,18.7577224942966,37.645420972134275,0.004164209427916152,0.31314442657642816,False
ZTF20abfhway,0.04693154,1.837e-05,z_gal,59024.92664839901,0.0007220862442224,-2.5715170345425844,0.2311810587918691,0.1797287595072703,2.912948769380692e-05,0.1932068716137212,0.0394194644407438,1.0981912835124977e-06,0.0007046290407027,-0.0015845137422195,-1.069560574017339e-06,-9.490225563399208e-07,3.371198240750169e-05,0.0361388518773028,3.1,0.0,0.0018865647114008,229.301232,5.739368,snia-cosmo,norm,1.0,1.0,2020nah,100.0,10.334,0.1122541758688735,ZTF20abfhway,1.770992818613523,wall,18.48852732064306,17.411853653552303,36.66523143460912,0.004943386854419298,-0.05253487664271417,True
ZTF20abfhzhm,0.0951629,0.00332866,z_snid,59025.3379610534,0.0004847537046812,-0.1711593975805475,-0.0684345112054192,0.1392687160987407,1.7455347438992224e-05,0.1863553703688243,0.0345687392910808,2.715458046558591e-07,-0.0063796919640309,-0.0007063467449276,-1.323385622797167e-06,-5.074471151332699e-07,0.0014862101308911,0.010032178446785,3.1,0.0,0.1573077133101944,219.869952,38.44736,snia-cosmo,norm,1.0,1.0,2020msu,100.0,8.114,0.130598621738516,ZTF20abfhzhm,1.2046916631966755,wall,18.92119715796221,19.109381827037737,38.272581284160594,0.004553492674196647,0.03764344729124447,False
ZTF20abfsemq,0.04745839,0.00375366,z_snid,59028.09623403579,0.0010826869370457,-2.1952765843391715,0.0216212339304016,0.1964734418070293,3.880516565877418e-05,0.1182132585821196,0.0325158918678057,-4.873152753684945e-07,-0.0082975936785993,0.0004943562082459,-6.163395000445311e-07,-1.0634351323734376e-06,-0.0001406230513285,0.0347558394545566,3.1,0.0,9.787025715367964e-05,239.558904,18.102796,snia-cosmo,norm,1.0,1.0,2020nbo,100.0,10.57,0.1004987562112089,ZTF20abfsemq,1.3158074858464197,wall,18.04874275771771,17.674378210725983,36.6902902634683,0.00453933489396567,0.18493085167178636,True
ZTF20abfybms,0.06279497,0.00180147,z_SEDm,59030.30231845609,0.0008503490344779,0.846677112482073,0.0869932824051845,0.123213058021065,2.895435099007385e-05,0.1712361589952366,0.0297420192120058,-3.2414769442567884e-08,0.0034607685850788,-0.000397423729958,-1.8140017225128647e-06,-7.212385764711767e-07,0.0008055558163755,0.0094469949872877,3.1,0.0,0.5841468775548814,204.676194,24.009322,snia-cosmo,norm,1.0,1.0,2020mvl,100.0,9.686,0.1352072483264118,ZTF20abfybms,1.6660663012601433,wall,18.311006942673277,18.159862562964694,37.32188343896728,0.00439172728129599,0.03882202841151938,False
ZTF20abfyriw,0.0360391,1.149e-05,z_gal,59027.65773217434,0.0005303673745856,-0.3359368514694604,0.672094787783397,0.1309581201603578,2.070387844854422e-05,0.1170533910844762,0.0321374601320508,-9.645425568912525e-08,-0.0022654762338238,4.893386309572736e-06,-7.351364975612952e-07,-5.912784279511313e-07,0.0005765722046305,0.0272782809735679,3.1,0.0,0.9998448720954436,218.943927,24.72627,snia-cosmo,norm,1.0,1.0,2020mvp,100.0,10.892,0.1059481005020854,ZTF20abfyriw,1.2756230937898023,wall,18.823557998241036,16.693032996906783,36.074725954901155,0.00482138101707009,-0.18085005358026918,True
ZTF20abgfljj,0.06171773,1.89e-05,z_gal,59029.53426907603,0.0006718040494025,-2.548660486406896,-0.0024094173116945,0.1289547012347611,2.385762924620355e-05,0.1741079829995326,0.0331542355954239,3.061848682946307e-07,0.0049493893854877,-0.0006101996148692,-8.306605526735912e-07,-6.39251559428345e-07,4.99594537634015e-05,0.0186336224042275,3.1,0.0,0.682707370691304,196.899676,43.559995,snia-cosmo,norm,1.0,1.0,2020nei,100.0,10.334,0.1030776406404415,ZTF20abgfljj,1.2262565891564334,wall,18.56689345677377,18.217550182343057,37.28267297231072,0.004511681632432,0.1357201144464385,True
ZTF20abguygh,0.09530455,2.317e-05,z_gal,59031.90095011598,0.0004311879453588,-1.160603615603698,-0.0019069958671198,0.0720870767945598,1.3456049394029734e-05,0.0884993217001584,0.027149804697438,6.66403197097895e-08,-6.271684229148146e-06,-0.0002232073338002,-2.588461815529928e-07,-3.1627929041205764e-07,0.0002593573837968,0.0329567794988503,3.1,0.0,0.0569140301942959,245.125481,30.022544,snia-cosmo,norm,1.0,1.0,2020nlh,100.0,10.589,0.1428425706853527,ZTF20abguygh,1.6967881228888744,wall,19.048333472854168,18.89176065385772,38.27601623385888,0.004173022932681498,-0.1834126755870612,True
ZTF20abgwgqj,0.09660268,0.00344093,z_snid,59034.3381107242,0.0005728915504572,0.7780747915832166,-0.1593695313752534,0.1621462616167264,1.9543512522392103e-05,0.1530970782782091,0.0298829898824259,-1.8314732236802297e-07,-0.0065295467221705,-0.0001651630917117,-1.091442164795298e-06,-4.880454965757387e-07,0.0007459612135588,0.0215368303794431,3.1,0.0,0.6347796625896241,225.583711,27.813892,snia-cosmo,norm,1.0,1.0,2020nlj,100.0,8.478,0.1274401820463232,ZTF20abgwgqj,1.4235375693983296,wall,18.739818957715443,19.34279497580038,38.30727174934321,0.004396857648541704,0.23636613087127445,False
ZTF20abjlaim,0.07993654,0.00476051,z_snid,59042.45280342994,0.0006349606166006,0.1723603717474849,-0.0260671512526845,0.1708438895911967,1.9699251461276148e-05,0.1734167609293543,0.0280308345971444,-3.6954760228306603e-07,-0.0086539415001658,0.0001169813565013,-4.946297709001902e-07,-4.6645249571100363e-07,0.0002993196706225,0.021540330562449,3.1,0.0,0.9769609000810836,215.648543,18.587482,snia-cosmo,norm,1.0,1.0,2020oaj,100.0,7.688,0.2262940564840358,ZTF20abjlaim,1.3388526301699277,wall,18.628133027413618,18.73307164834159,37.871676275956645,0.004159630646928219,0.06223827679904603,False
ZTF20aboyujf,0.07128517,1.121e-05,z_gal,59066.996945571096,0.0006280262161652,-0.7047451505355439,0.0561797066239706,0.149770130883553,2.108112121713084e-05,0.182433194225877,0.0284226554413414,-4.421252883829621e-07,-0.0052917988665239,0.00022022357147,-1.0762454358523607e-06,-5.252662796578725e-07,0.0012185669086901,0.0352255232082567,3.1,0.0,0.9995965889580856,234.09363,27.196264,snia-cosmo,norm,1.0,1.0,2020qil,100.0,9.865,0.1026109155986827,ZTF20aboyujf,1.507539391701644,wall,18.640055567017512,18.367234155408227,37.61005920516787,0.004353252079475514,-0.04198214534554323,False
ZTF20abpqdgh,0.07651426,1.046e-05,z_gal,59076.215676442174,0.0010947195434617,1.3347157431206178,-0.1224217423304659,0.0818067594082094,3.1736447960386215e-05,0.0810823096574807,0.0258519268790587,2.7360985811063625e-07,-0.0006379179300585,-0.0002385401572744,-9.30546774926853e-08,-6.970680766383734e-07,-0.0002291093489711,0.0187412401512049,3.1,0.0,0.5259696196253665,247.742105,32.307533,snia-cosmo,norm,1.0,1.0,2020qql,100.0,9.514,0.1023914058893616,ZTF20abpqdgh,0.49527436943703385,void,18.0367428215294,18.60311042679073,37.7715831864575,0.004015739623227127,0.03237014474733557,False
ZTF20abqefja,0.08022196,2.308e-05,z_gal,59077.0053006582,0.0006178931466238,1.3177462571008305,0.0981613978594638,0.1018067880468152,1.85982091175451e-05,0.1045626016860576,0.0269332841740446,1.7388644099838837e-07,-0.0007215566986937,-0.0002220122512381,-8.778565250573842e-08,-4.269315749903185e-07,-0.0003189861753187,0.0187486438502608,3.1,0.0,0.2944907808376897,250.918947,33.538987,snia-cosmo,norm,1.0,1.0,2020qto,100.0,10.726,0.1325481044753187,ZTF20abqefja,1.6126309237120964,wall,18.657716554365123,18.5379006969949,37.879838286721224,0.004092982500586727,-0.14109468531222247,True
ZTF20abyzbxa,0.06355043,0.00365548,z_snid,59115.36482467533,0.0007714133877653,-1.421039849954001,0.0679081716667866,0.0801794578292174,2.3150412816483305e-05,0.1050643243190325,0.0272164359805504,1.023802781810164e-07,-0.0009734723582202,-1.5111371382551444e-05,-7.764029983068927e-08,-5.357141916373183e-07,-0.0002019114936152,0.0215336240214678,3.1,0.0,0.0005869657133337,255.858077,35.999664,snia-cosmo,norm,1.0,1.0,2020tel,91.11111111111111,10.496,0.1286895489152091,ZTF20abyzbxa,1.5295328025178914,wall,18.416782070720114,18.007321159559517,37.348997337440196,0.0040866754525916045,-0.1408332734665768,True
ZTF20acfaonm,0.07372425,1.571e-05,z_gal,59125.66689001758,0.0004398847697073,0.4134599387015986,0.2397788577235055,0.1696515693838591,1.4544264093179198e-05,0.1481121679014704,0.0304604307306357,1.7436226220790874e-08,-0.0145474020675383,1.4526977263391694e-05,-4.15763156925185e-07,-3.81765600794222e-07,0.0003506451319766,0.0531580590195386,3.1,0.0,0.1044995675531794,118.90454,50.902723,snia-cosmo,norm,1.0,1.0,2020uki,100.0,10.495,0.1062826420446913,ZTF20acfaonm,0.5295761880976311,void,19.026652686252334,18.34122261872769,37.68676442611315,0.0043137073117650295,-0.1446989029713569,True
ZTF20achdcni,0.10477478,0.00344093,z_snid,59137.97894623101,0.0004334682957051,1.0094400953744669,-0.0343077715780302,0.1656331924677943,1.4142046653271986e-05,0.1512061402067274,0.0331255580250469,-1.540567192271147e-07,-0.0001531410965847,-8.684733885403235e-06,-3.368521839595455e-07,-3.823923218571316e-07,-0.0003961285933351,0.0161773512402592,3.1,0.0,0.8937587522181368,137.440094,55.061013,snia-cosmo,norm,1.0,1.0,2020vgi,100.0,9.898,0.1044030650891055,ZTF20achdcni,1.1719635070645944,wall,19.042606654372854,19.290282359617173,38.49535137640103,0.004279753727907626,-0.004226112369757673,False
ZTF20aciugdl,0.08177455,1.227e-05,z_gal,59147.16180429566,0.0007180509536571,1.756362335672436,0.0176325180814298,0.1778878085242468,2.3145380052888923e-05,0.1873314190343228,0.0317615059624413,6.749448897249137e-08,-0.0007394359719458,-7.109669293573574e-05,-8.140533049233128e-07,-5.852351409508856e-07,-0.000349643791991,0.0191521482736765,3.1,0.0,0.9822672507510168,124.998819,7.793692,snia-cosmo,norm,1.0,1.0,2020wtp,100.0,9.724,0.1141271221051332,ZTF20aciugdl,0.7612758863876568,void,18.494611841668107,18.685841762609815,37.92375742716697,0.004249804423193191,-0.0370727601430515,False
ZTF20ackhzba,0.06411545,2.863e-05,z_gal,59152.522261659135,0.0009068697127047,-1.1946866098627638,0.0120485455057587,0.0845525298027496,2.9146880135852025e-05,0.0920738867889177,0.0297839411105665,1.310912739444013e-07,-0.0009637266399095,-0.0001887323144975,-5.388399089702813e-07,-7.363665816966748e-07,0.0001797278763705,0.014908286393007,3.1,0.0,0.8086478480128237,142.208212,46.653264,snia-cosmo,norm,1.0,1.0,2020xsr,100.0,9.632,0.1049952379872535,ZTF20ackhzba,1.0428023130086106,wall,18.241137755662265,18.036531139213626,37.369074421889735,0.004242707537843091,-0.13170037826200753,False
ZTF20aclggpx,0.08347251,2.819e-05,z_gal,59151.29623919078,0.0003529671991083,-1.91728534877079,0.0373682131393408,0.1259065891936188,1.3047126779414683e-05,0.1908242732229896,0.0360734778877158,1.9875443219893226e-07,0.0050260640044891,-0.0004070868591384,-8.60040637724734e-07,-3.678620666645148e-07,0.0010824766467062,0.0282184532563931,3.1,0.0,0.0504367673367762,132.156785,22.662675,snia-cosmo,norm,1.0,1.0,2020yfc,100.0,10.44,0.1608601877407831,ZTF20aclggpx,0.7110792246821408,void,19.265664128231187,18.881402718671318,37.970887627901675,0.004635681637110179,0.11135799518374456,True
ZTF20aclgnds,0.08453485,1.187e-05,z_gal,59153.69952081695,0.000378400505892,-0.2931475076773932,0.0982781511713184,0.1456820500425237,1.3956306544536637e-05,0.1938117938996089,0.0346077656351796,-9.886491130391976e-08,0.004779635905735,0.0001524621029781,-1.0027382464574033e-06,-3.902808777376678e-07,0.0008355378298813,0.0142040073278154,3.1,0.0,0.3099924435473117,139.338912,33.888796,snia-cosmo,norm,1.0,1.0,2020xmc,100.0,9.755,0.105304320899002,ZTF20aclgnds,0.7664323329677377,void,19.190120729129912,18.84441780942399,37.99991251202227,0.004628563724663193,0.045348201815822775,False
ZTF20aclnsts,0.06544224,1.026e-05,z_gal,59157.64028950482,0.001170278936223,-0.1294329152570933,-0.0669172101833599,0.1748077177071536,4.12130342062392e-05,0.1924962893359956,0.032564417124199,1.1549013625050612e-06,-0.0145715527237283,-0.0006748601312424,-2.853248155633375e-06,-1.119145610554474e-06,0.001022224269271,0.0217731727205822,3.1,0.0,0.705292835871629,159.857637,21.687893,snia-cosmo,norm,1.0,1.0,2020xpt,100.0,9.505,0.1019803902718557,ZTF20aclnsts,1.142182759126952,wall,17.96427652934319,18.15359927277561,37.41555922743865,0.004486971957938995,-0.061117050248935656,False
ZTF20acnviyk,0.10603785,1.093e-05,z_gal,59160.506002680704,0.0004059585705419,0.3838169434970576,-0.071698864634577,0.1969178541185101,1.3851218964596942e-05,0.2191266508202187,0.0347789179566865,-4.288387881069737e-07,0.0081976528612694,0.0002914008073508,-8.386134489987044e-07,-3.5449587379635985e-07,-0.0003775384309443,0.0257868650388108,3.1,0.0,0.160336181716491,132.412875,20.023147,snia-cosmo,norm,1.0,1.0,2020yhj,100.0,9.31,0.1109233969908963,ZTF20acnviyk,0.31230976707476427,void,19.11379571348997,19.38979656594675,38.52317475480327,0.0043973383514371,0.06746471555757994,False
ZTF20acowuix,0.08567654,1.13e-05,z_gal,59168.77885557809,0.00062838425409,0.8210805920587388,-0.003442900701095,0.2558923623037117,2.0461792314972792e-05,0.1905847146774026,0.0315015266409134,-3.648380700088085e-07,-0.0090349568231222,-0.0002409916733812,-5.59946119359321e-07,-5.157541179539143e-07,-0.0002602081521812,0.010557131155502,3.1,0.0,0.0029037574427599,148.677813,45.555171,snia-cosmo,norm,1.0,1.0,2020ywh,100.0,9.719,0.1028396810574595,ZTF20acowuix,0.6549706690748482,void,18.639436764870666,18.765061039932284,38.03072060168167,0.004274929149887515,-0.06481665733528585,False
ZTF20acpbbqf,0.04453409,1.503e-05,z_gal,59160.78015122991,0.001839468863206,-1.834798430852034,0.0177646176480891,0.1450975470615958,6.421375300605262e-05,0.1831072295483814,0.0349274303389658,-6.823841552407609e-07,0.0023778968416731,-2.2749225474077767e-06,-2.373944437128551e-06,-1.7947794123946623e-06,0.0001136241882586,0.0111469058358297,3.1,0.0,0.5039352320451287,156.094916,41.707213,snia-cosmo,norm,1.0,1.0,2020yvs,100.0,11.095,0.1062826420446913,ZTF20acpbbqf,1.352879222234988,wall,17.47326889774504,17.16132680271668,36.54764068151295,0.004461547082918982,-0.18547097438217064,True
ZTF20acpgzif,0.06884865,1.516e-05,z_gal,59171.01118738051,0.0007864329135259,-0.772416010388725,0.0458084069101685,0.08568566692702,2.399607299538445e-05,0.0824159554625729,0.0280152180638795,2.271576740740222e-07,-0.0019570539141735,-0.0002413769528079,-1.7906601697263896e-07,-5.712516328615735e-07,-0.0001083322223119,0.0538085520634447,3.1,0.0,0.8479865222594407,118.572949,40.122244,snia-cosmo,norm,1.0,1.0,2020zci,100.0,11.089,0.1286895489152091,ZTF20acpgzif,1.2690324020870072,wall,18.395845797122288,18.145701494246342,37.53088199034249,0.004122502773448951,-0.184337591682049,True
ZTF20acphdbu,0.04136664,1.031e-05,z_gal,59177.82301293196,0.0020857170516324,-0.6188118991278037,0.0887206191372553,0.0933556463241984,7.045328531361307e-05,0.1184662032261631,0.0298611615144823,1.8420928160436087e-08,0.0013033195357048,-8.119916941043412e-05,-2.2786921038302064e-06,-1.789115958494552e-06,0.0004087146274264,0.0071278378962065,3.1,0.0,0.976659208864668,150.903693,45.299086,snia-cosmo,norm,1.0,1.0,2020zgu,100.0,9.911,0.1041201229350023,ZTF20acphdbu,1.0608141542306666,wall,17.336861520753445,16.97519393555006,36.38248135639125,0.0043700559675525046,-0.20644451642709127,False
ZTF20acpxvez,0.05080428,1.187e-05,z_gal,59177.49533097044,0.0015158738881633,-0.2714415078992915,-0.0248122941397025,0.1005933017331699,5.058550188050191e-05,0.1469972672867458,0.0295662271788453,-4.2575977688846176e-08,0.0013430137080704,-0.0001914451367473,-2.2981238878379515e-06,-1.2683828357338563e-06,0.0006681735383133,0.0171167031236853,3.1,0.0,0.8771240546814277,178.072566,43.28685,snia-cosmo,norm,1.0,1.0,2020zko,100.0,9.626,0.1035808862676893,ZTF20acpxvez,1.024711768688232,wall,17.683342319901364,17.72225862062854,36.84340603418652,0.004337727617728361,0.0796954908561206,False
ZTF20acpylns,0.07636349,1.783e-05,z_gal,59170.6321358852,0.0004992309460586,-0.935146838993084,-0.0685127910431746,0.3155886721033312,1.7527412643664393e-05,0.320921771085222,0.0372067724947087,8.202623902336285e-07,-0.031779825204365,-0.001080657093551,-1.018682525424283e-06,-4.828809192763674e-07,-0.0012737978914489,0.0327749288193909,3.1,0.0,0.0039009315540024,145.344111,15.961244,snia-cosmo,norm,1.0,1.0,2020zlc,100.0,10.492,0.1379311422413372,ZTF20acpylns,1.3645080843543607,wall,18.889246254197836,18.970715348972647,37.76707581431742,0.004478052365651188,0.4044824390693259,True
ZTF20acrbpqd,0.06786193,1.112e-05,z_gal,59180.67217292188,0.0011772778683194,1.021278683523276,-0.0650184570320198,0.2484349700425809,4.424664452206339e-05,0.1895249108872711,0.0322447780291354,-1.5938381524361311e-06,-0.0228735253345801,0.001180108744433,-2.566261292026958e-06,-1.2029494365334257e-06,0.0006040077859747,0.0115864567679964,3.1,0.0,0.6493049974366565,194.917384,30.833445,snia-cosmo,norm,1.0,1.0,2020zyv,100.0,10.2,0.1033247308247159,ZTF20acrbpqd,1.0136937258044716,wall,17.957802550548024,18.302338783040543,37.49805065114825,0.004690142336070762,0.005131036306397774,True
ZTF20actveqm,0.10752415,0.00288617,z_snid,59191.160041742,0.0004301944907686,0.4150003347160459,-0.0861466324028344,0.2324832652520854,1.4872797118960576e-05,0.1574498394717545,0.0321328374534786,-4.905922033981216e-07,-0.0078339065456482,0.0002502787069006,-4.960290890912307e-07,-3.828998488969912e-07,-0.0003244180941479,0.0259766537330792,3.1,0.0,0.0051882149778851,133.126252,15.34386,snia-cosmo,norm,1.0,1.0,2020abcg,100.0,8.755,0.1479222768889121,ZTF20actveqm,2.0536984227107675,wall,19.050837889125905,19.37599249643494,38.55551731072504,0.004433978151479662,0.02131809012400454,False
ZTF20actvfgr,0.08835752,1.022e-05,z_gal,59188.46529686673,0.0004527391057827,-0.4433478685943413,0.0253520459281962,0.2010997008437698,1.7932657396826473e-05,0.1482059159557643,0.0334391404509824,-4.68904874780423e-07,-0.0037033858976903,3.50212431730925e-05,-9.511437690621096e-07,-4.90154387987092e-07,0.0002782407129266,0.0299151886704409,3.1,0.0,0.1438370564304477,127.933706,22.491627,snia-cosmo,norm,1.0,1.0,2020abab,100.0,9.742,0.1041201229350023,ZTF20actvfgr,1.1105012817546553,wall,18.99537997818568,18.854719934205065,38.10155680666155,0.0048744471493869365,-0.045993968042382094,False
ZTF20actvlbq,0.08303942,1.018e-05,z_gal,59193.14836360583,0.0006371047882423,0.11829067075486,-0.077811123465125,0.2948297048424138,2.3599710789172e-05,0.2197951903911003,0.0352607060836386,-6.989676315326364e-07,-0.0122806728498315,-0.0001150829743652,-1.1511845467565852e-06,-6.452269143017096e-07,-0.0004762319588649,0.0261438778351376,3.1,0.0,0.8859934749462872,152.569371,7.955666,snia-cosmo,norm,1.0,1.0,2020abaf,100.0,9.683,0.1021812115802117,ZTF20actvlbq,1.2814446066946592,wall,18.624472827275298,18.882248003922868,37.95895378728663,0.0046424850055305274,0.12413712105033825,False
ZTF20actvpyc,0.08187041,1.042e-05,z_gal,59188.675028298814,0.0006612503717571,-0.0125143428208279,-0.0745135450441693,0.1899166020848497,2.3790216877057912e-05,0.2058315109771925,0.0326110392585495,-2.2701169226278826e-07,-0.0094846663813067,-0.0001688195826303,-1.5632491274426397e-06,-6.468048317157677e-07,0.0009111503765124,0.0360360019768282,3.1,0.0,0.4271503389229475,177.05902,13.520573,snia-cosmo,norm,1.0,1.0,2020aazq,100.0,8.48,0.1274401820463232,ZTF20actvpyc,1.773066801494973,wall,18.584085176987312,18.813325158629322,37.92644294835801,0.0045508561199239595,0.0877251146854151,False
ZTF20acucbek,0.03888668,1.712e-05,z_gal,59194.57295093036,0.0034450218060182,0.2726634407774556,-0.0957562740553973,0.0778001240978483,0.0001068198984387,0.0700915770197877,0.0272364473544344,8.198148461216292e-07,-0.0005882941163503,-0.0002560217086258,-7.993396095178774e-07,-2.4973735201176928e-06,-0.0001008641384765,0.011065072747562,3.1,0.0,0.4045859451047895,153.368109,35.954475,snia-cosmo,norm,1.0,1.0,2020abcl,100.0,10.301,0.1019803902718557,ZTF20acucbek,1.1609284708838241,wall,16.792020061964614,17.12703739324519,36.24434459789555,0.004158362949068282,0.08353569976374275,True
ZTF20acudkao,0.03826655,1.679e-05,z_gal,59191.93718835036,0.0024313886396729,-1.3563711253482655,-0.0626978550982382,0.2570388109961641,8.561158241752586e-05,0.1333998694105441,0.0310166720886284,-7.231789596781561e-06,-0.0096666775138327,0.0012363837948711,1.0170249196405529e-07,-2.2413400630048067e-06,-0.0003252880948437,0.0273830967669357,3.1,0.0,0.9697025399597716,171.92545,10.312814,snia-cosmo,norm,1.0,1.0,2020abcn,100.0,10.18,0.1214948558581802,ZTF20acudkao,1.7045481311550055,wall,17.170364042036844,17.17483543529263,36.208461912005106,0.004486520537645117,0.16721642770162448,True
ZTF20acugxbm,0.02617761,1.017e-05,z_gal,59198.96915809654,0.0054528480153048,0.0614670811274073,-0.0387369384000057,0.1881129956964287,0.0002001825283494,0.1186487788436999,0.030826013993881,2.750150583138386e-06,-0.0138501995795808,-0.0001070809705697,-7.298729602283563e-06,-5.4251044397954085e-06,0.0005438835003197,0.0321238951054439,3.1,0.0,0.9683151874880402,144.983249,16.09504,snia-cosmo,norm,1.0,1.0,2020abdv,100.0,9.159,0.1016070863670443,ZTF20acugxbm,1.6944398792597648,wall,16.29344151758119,16.422131417979045,35.36483146156604,0.004613744991211125,0.25814286082710625,False
ZTF20acuoclk,0.08215102,0.0035,z_snid,59193.3876174046,0.0005696539014417,-1.3941897523703664,-0.0900158815438688,0.1202307659004873,1.7428157357722443e-05,0.0786225452556015,0.0291443428631926,-1.4661758445467688e-07,-0.0027693430607503,-6.73517049217564e-05,8.241701406692542e-09,-4.266764407383459e-07,-0.0003123658810168,0.0454825233336251,3.1,0.0,0.0067833550982576,124.069794,37.403891,snia-cosmo,norm,1.0,1.0,2020abqd,100.0,9.362,0.1069766329625306,ZTF20acuoclk,1.3656567962922623,wall,18.74597230970275,18.829834977156892,37.93428704837585,0.0041283909884823975,0.09639083319514385,False
ZTF20acuoxrx,0.03443749,1.062e-05,z_gal,59196.977699171206,0.0014453164077316,-0.4353463958391717,0.2461507336948853,0.1559090448754432,5.145197841134272e-05,0.1079710048798104,0.0313020645271594,9.873071340240702e-07,-0.0037621611354474,-0.0008389740793184,-1.2297410100832716e-06,-1.380724464883903e-06,0.0001883195990859,0.0148726524922812,3.1,0.0,0.998835346884432,204.885348,29.997964,snia-cosmo,norm,1.0,1.0,2020abip,100.0,10.345,0.1041201229350023,ZTF20acuoxrx,1.6967599088985212,wall,17.735092667580933,16.911076897709304,35.97348344793582,0.004518918589750967,0.13843635418758582,True
ZTF20acusneh,0.053095,0.00255894,z_SEDm,59197.67210622246,0.0016213699081369,-1.8784811823775065,-0.0411209672974964,0.1598883296865096,5.48665595353705e-05,0.1180773729136942,0.0343260171091356,1.3554991771540574e-06,-0.0044949647444528,-0.0007230806051094,-8.780260703102724e-07,-1.5027390034508815e-06,-0.0003440041557811,0.0367806578386535,3.1,0.0,0.1802888735356211,161.877907,3.124549,snia-cosmo,norm,1.0,1.0,2020abox,100.0,10.059,0.1001249219725039,ZTF20acusneh,1.4920689001652219,wall,17.610294728863295,17.474782361952684,36.94270399568316,0.004374894660083122,-0.26707872931637466,True
ZTF20acvagdq,0.03539552,1.072e-05,z_gal,59199.62591144101,0.0009727054334351,-1.008635396909768,0.3893902564446286,0.2048058456202852,3.774697943928533e-05,0.1707458124247617,0.0334716528950993,6.150371419872179e-07,-0.0126881295009904,-0.0001599369389005,-9.411296275377544e-07,-1.1035850080165643e-06,-2.743735833728201e-05,0.0264407550802581,3.1,0.0,0.9665083924500943,149.979613,13.045101,snia-cosmo,norm,1.0,1.0,2020aboj,100.0,10.531,0.1171366723105962,ZTF20acvagdq,1.945131962628079,wall,18.165046645480693,16.816727894934978,36.03458172488182,0.004800212574313865,-0.017010925532738086,True
ZTF20acvkjrm,0.09072219,4.997e-05,z_gal,59198.75506731455,0.0005854557547432,0.803342110099683,-0.089772096385068,0.1936515650741057,1.990363503092806e-05,0.1929625104874783,0.0321215563981095,2.8473385522634705e-07,0.0057212485122319,-0.0005649299603919,-9.928694709077828e-07,-5.077671984957897e-07,0.0003345909307049,0.0122347631828522,3.1,0.0,0.5255131921831465,189.024418,51.500669,snia-cosmo,norm,1.0,1.0,2020abun,100.0,10.058,0.1012719112093773,ZTF20acvkjrm,1.7458619335586811,wall,18.716264801850333,19.107026196058,38.162359063518174,0.004387464767313512,0.14551003695392895,True
ZTF20acvkqxy,0.06345786,1.487e-05,z_gal,59196.8086223436,0.0005872751127474,-0.9710737484393396,0.2457746682006322,0.2605006929370574,2.1160261001680223e-05,0.2612584067748734,0.0341021704127701,-7.276426773113985e-07,-0.0105403199049474,0.000680262311728,-1.114950376959207e-06,-5.887042722289736e-07,0.0007470980720841,0.0102930637464334,3.1,0.0,0.2356264337051249,142.224645,40.889123,snia-cosmo,norm,1.0,1.0,2020abve,100.0,10.866,0.1479222768889121,ZTF20acvkqxy,1.2628875941577895,wall,18.712896007706533,17.815044211503064,37.345691658813905,0.004555408913713784,-0.329804542896739,True
ZTF20acwcfvx,0.0771719,2.316e-05,z_gal,59199.76839763159,0.0006376612141557,-0.8140441637816265,-0.0330554286150614,0.1724902209571155,2.0653850780727424e-05,0.1408478691281051,0.0291630908084442,3.529336496325637e-07,-0.0076514668655609,-0.0003557100451871,-4.793936555063262e-07,-5.046041636070213e-07,-2.301182397203072e-05,0.025072180779998,3.1,0.0,0.9292466561081456,149.327629,15.236459,snia-cosmo,norm,1.0,1.0,2020acaf,100.0,10.715,0.1100727032465361,ZTF20acwcfvx,1.6372124006052058,wall,18.623524995600032,18.612030641377295,37.7911450490362,0.004261718070122917,0.02172849675519417,True
ZTF20acwdnbw,0.07209808,0.00721543,z_snid,59203.37517698854,0.0007830194392358,0.9720034985408028,0.0762079139409341,0.1354626471220399,2.566538203516459e-05,0.1262951697718423,0.0289760614592446,5.0999218663342446e-08,-0.006877624586852,1.967928261357647e-05,-8.272136217106758e-07,-6.380657008535523e-07,0.0003291571765319,0.0424779028497252,3.1,0.0,0.551413387616458,131.291757,29.538557,snia-cosmo,norm,1.0,1.0,2020acfj,100.0,9.451,0.1059481005020854,ZTF20acwdnbw,1.479304986050565,wall,18.400568640040184,18.300404596619,37.63589946195565,0.00429148199037045,-0.13465196092255083,False
ZTF20acwfanr,0.05583569,1.736e-05,z_gal,59202.58777267572,0.0003819806267213,-0.1079139430368972,0.5867792664028467,0.1713985795795451,1.940331209928764e-05,0.2153935586799936,0.0402260317917699,-1.9700044776000657e-07,0.0006106724187758,0.0010703538878665,-1.2467170605030706e-06,-7.143169588283333e-07,0.0013589792479239,0.0277746963593716,3.1,0.0,0.0001481744079558,216.037309,6.191127,snia-cosmo,norm,1.0,1.0,2020ackg,100.0,10.719,0.1056219674120871,ZTF20acwfanr,1.8447388441410353,wall,19.179896657651327,17.345772979777337,37.056204827082055,0.006066709293188231,-0.5095889428906167,True
ZTF20acwfcfs,0.03551937,1.211e-05,z_gal,59204.630668885206,0.002235579607357,0.619571160377056,0.1508423339510871,0.1734536712210683,0.0001650927135319,0.2261884694040296,0.0593512825601805,-1.853003472032828e-05,0.0259758538776183,0.0069151040036943,-2.6923076440060305e-05,-9.459295576209349e-06,0.0089449569420201,0.0313222566100625,3.1,0.0,0.997721294110752,218.051816,0.223852,snia-cosmo,norm,1.0,1.0,2020acdl,100.0,9.279,0.1033247308247159,ZTF20acwfcfs,1.8040672212813018,wall,17.261524651528234,16.880653378732653,36.04236210974244,0.009453714999064234,0.039134173404313244,False
ZTF20acwncbd,0.076113,0.00144046,z_SEDm,59207.20094161846,0.0008930031700773,0.7623001322995144,-0.1024879791861301,0.0664107260054152,2.71196156138452e-05,0.093345453628771,0.0276887917586748,2.673093626103372e-07,-0.0015037131795649,-0.0002673948784359,-5.46294480817195e-07,-6.418744595159552e-07,0.0002501825596555,0.0278545651529072,3.1,0.0,0.139295185067439,123.723366,29.117454,snia-cosmo,norm,1.0,1.0,2020acoe,100.0,8.981,0.1127120224288429,ZTF20acwncbd,1.5216085037961569,wall,18.25786749851034,18.682302252509274,37.75956840618548,0.0041122006367559395,0.12357675073789609,False
ZTF20acwoamm,0.06857043,0.0032249,z_snid,59203.1303900426,0.0012999425493544,1.2978393635797238,-0.1638130769917136,0.1086010088001785,4.161345618100033e-05,0.1116084817320229,0.0287853048017924,3.984303354869332e-07,-0.0039217380917207,-0.0003072520974498,-1.3455637231299004e-06,-1.0164138313383471e-06,0.0003766917853645,0.0284499437026145,3.1,0.0,0.2774699817117916,127.806184,18.719209,snia-cosmo,norm,1.0,1.0,2020aced,100.0,7.395,0.4123105625617661,ZTF20acwoamm,1.1793750944422428,wall,17.85018960202079,18.539707651596267,37.521670643429346,0.0042330026758316906,0.2188799125810229,False
ZTF20acwozwz,0.06609519,0.00551385,z_snid,59209.25061550978,0.0012002574639337,0.6107541994423411,-0.0709755587875309,0.1984341238930937,4.581872965259083e-05,0.2303245787927293,0.0321431855740565,1.242244565956948e-06,-0.0235997667803504,-0.0006228391066721,-5.278547330581509e-06,-1.244017728852324e-06,0.0022747536685589,0.0072347797572363,3.1,0.0,0.8976007700751076,165.534361,58.657596,snia-cosmo,norm,1.0,1.0,2020aceg,100.0,9.543,0.1012719112093773,ZTF20acwozwz,0.6962437365637764,void,17.936813961605406,18.24234378176868,37.438104249542754,0.004742852602611338,0.0050824366400300525,False
ZTF20acwpaov,0.05915006,1.328e-05,z_gal,59204.79144194617,0.000895240549881,-1.3818527231248698,0.0323770444156184,0.1764557582355337,3.588332180098463e-05,0.1949034333587379,0.0356646358710968,1.2774651026794596e-06,-0.0073311213275144,-0.0003535965474533,-2.725160660107362e-06,-1.0764130535411422e-06,0.0015551911980224,0.0489333570415501,3.1,0.0,0.9944535240473568,132.39613,9.587376,snia-cosmo,norm,1.0,1.0,2020acfq,100.0,10.197,0.1325481044753187,ZTF20acwpaov,1.0882103114576767,wall,18.255150636712226,17.961322417786327,37.18648957350246,0.004918888596354674,-0.024324251302033972,True
ZTF20acwphqb,0.08032555,1.863e-05,z_gal,59202.13743453451,0.0007002132837859,0.1127735935784653,-0.091672403852254,0.1806668132448976,2.257040981983836e-05,0.1884930307925015,0.0303247413600055,2.871751521314928e-08,0.0048574851756268,0.0004326219688316,-6.264432203210834e-07,-5.655059935247905e-07,0.0001686705502481,0.0307631399866011,3.1,0.0,0.9103005269845432,180.562244,14.31175,snia-cosmo,norm,1.0,1.0,2020acej,100.0,8.821,0.1156027681329474,ZTF20acwphqb,1.7751741172318327,wall,18.521924136168995,18.821896891211967,37.882793745491185,0.004249804683811534,0.13994605013488426,False
ZTF20acwpixx,0.0774164,1.566e-05,z_gal,59202.52639985163,0.0006427008820016,0.0265469969564932,0.0109983939685147,0.1818112491600914,2.1487053267035578e-05,0.200844383727854,0.0309052192484852,3.362995405610291e-07,0.0031828997434087,-6.091650591193489e-05,-9.323051862518368e-07,-5.45260950345492e-07,0.0004335455469515,0.0143816017659766,3.1,0.0,0.8496878391675525,178.076016,7.89159,snia-cosmo,norm,1.0,1.0,2020aceu,100.0,10.216,0.1084619749036499,ZTF20acwpixx,1.1981673879615216,wall,18.614977760228026,18.58459931849954,37.79837724204986,0.004342602981970348,-0.012935019136219084,True
ZTF20acwqlpq,0.07210473,1.663e-05,z_gal,59204.31127952311,0.0006760356008117,-1.047214461352778,-0.0339352485951919,0.3286662070895545,2.980271846583457e-05,0.3186391328808878,0.0410283278924916,4.009169597867032e-06,-0.0635786309226022,-0.0037385501284639,-5.058418925591905e-06,-9.701825523510863e-07,0.0041752228860685,0.0100901582119342,3.1,0.0,0.7565717841936482,215.038459,58.944833,snia-cosmo,norm,1.0,1.0,2020acez,100.0,10.589,0.1325481044753187,ZTF20acwqlpq,1.587553573928907,wall,18.56007608252401,18.518665328579715,37.63610969502531,0.0053159798339697025,0.08339853796850549,True
ZTF20acwyihb,0.06210963,1.32e-05,z_gal,59206.07678101759,0.001107570295567,0.4862921392349091,0.0372229331686266,0.2171958540639025,4.881680041336897e-05,0.2624580067946694,0.0367487758146166,2.563113885398645e-06,-0.0319546311297003,-0.0016018475898031,-7.809682062185186e-06,-1.573180682109423e-06,0.0044553036899504,0.0244895914338966,3.1,0.0,0.0172394150259445,219.564278,21.748344,snia-cosmo,norm,1.0,1.0,2020acif,100.0,9.889,0.1023914058893616,ZTF20acwyihb,1.6338153855643762,wall,18.024071750780248,17.97676155745039,37.29701339921476,0.0053150484088729565,-0.11940893735026903,False
ZTF20acxtewc,0.03618633,1.492e-05,z_gal,59204.31042109255,0.0020700979946934,-1.9288386923912653,-0.0421139827201802,0.291033373116079,9.152976713882916e-05,0.2012898574155542,0.0411187043348283,1.0315261606586346e-05,-0.0344859305098298,-0.0049472552645692,-8.524645818856396e-06,-3.1930655006529605e-06,0.0025887656422743,0.0298741339059116,3.1,0.0,0.8837082731766028,214.384738,3.829034,snia-cosmo,norm,1.0,1.0,2020acrr,100.0,9.887,0.1400142849854971,ZTF20acxtewc,1.3317940983778602,wall,17.345022738353766,17.20553866785155,36.08381126689207,0.005329578710409318,0.3225703053735808,False
ZTF20acxzkkf,0.04293625,1.062e-05,z_gal,59210.83526695893,0.0022728916283382,0.1454029933989652,-0.0577468083253903,0.1143881566131312,9.176222079134053e-05,0.1980861941184012,0.0327686239008745,1.112892804994308e-06,-0.0029822418723582,-0.00039040030061,-1.007090752173201e-05,-2.615350767086501e-06,0.0024045263296685,0.0237430750418609,3.1,0.0,0.972620970048256,196.653055,12.460483,snia-cosmo,norm,1.0,1.0,2020acvm,100.0,9.902,0.1021812115802117,ZTF20acxzkkf,0.5528101043263346,void,17.243553177445968,17.442924702330533,36.46580532612215,0.004946405427636455,0.17796228062248376,False
ZTF20acxznai,0.0690113,1.165e-05,z_gal,59209.974572488994,0.0009716193121154,-0.7594850644732052,-0.1597573042507418,0.1464874672383302,4.5333047418273566e-05,0.209402334832723,0.0380331155749471,3.460716991366321e-07,-0.00124478637338,-0.0005592331092372,-5.937562186720975e-06,-1.4155644810291835e-06,0.0027423057889366,0.0240933585121163,3.1,0.0,0.3116336303343764,147.454117,7.949255,snia-cosmo,norm,1.0,1.0,2020acwt,100.0,10.381,0.1046947945219818,ZTF20acxznai,0.4274955876756277,void,18.16625965412538,18.555179388276432,37.53625050806072,0.0055911745430858185,0.21977178462981628,True
ZTF20acxzqyp,0.02533723,2.423e-05,z_gal,59217.924841889086,0.0069522248846717,-0.1996621118803802,-0.0854906731978869,0.2274239603029855,0.0002267135764786,0.064564068856036,0.0283605339025468,-7.432881532983257e-06,-0.0086169672376926,-0.0001268012350169,-8.551399687272735e-08,-5.425565642762681e-06,-0.000155962449971,0.0072017079870592,3.1,0.0,0.0975642008786107,150.277681,54.78959,snia-cosmo,norm,1.0,1.0,2020aczg,100.0,8.874,0.1046947945219818,ZTF20acxzqyp,1.603175061593364,wall,16.02969047035692,16.266758861607116,35.29263080242638,0.004278591597423041,0.17497096359483721,False
ZTF20acyrhbo,0.02619881,0.00448219,z_snid,59220.00578043389,0.0039258757906799,0.810755924055163,-0.0579791786548937,0.3663511660088261,0.0001352368458022,0.1111124268420561,0.0297541842125504,-1.6039336351913407e-05,-0.0266769036036801,0.0015272329039684,1.7306001619966345e-06,-3.3267973142158323e-06,-0.0006412939178676,0.020884623693308,3.1,0.0,0.9999409545132936,144.942192,19.21882,snia-cosmo,norm,1.0,1.0,2020adeu,100.0,8.966,0.1038460398859773,ZTF20acyrhbo,1.7384125939662707,wall,16.650158612499517,16.943399895697407,35.36662326459278,0.004423832119352809,0.7776195355187271,False
ZTF20acyrodl,0.04908569,1.299e-05,z_gal,59214.55425034038,0.0018098204962918,-0.9732032612602852,-0.0029323284026585,0.2640293422373361,7.297782515797526e-05,0.1521291538661834,0.0344512296545579,-7.4199530593207716e-06,-0.0076647428475828,0.0019816139060446,-1.5528568356516265e-06,-2.103335675866798e-06,-0.0001155938056935,0.0264979738881196,3.1,0.0,0.5498143903133541,238.069603,33.94104,snia-cosmo,norm,1.0,1.0,2020aepp,100.0,10.659,0.1161077086157504,ZTF20acyrodl,1.2253636561059904,wall,17.49091124423016,17.363753005701962,36.76602190552417,0.004941723504601469,-0.20142599540810535,True
ZTF20acyvbhj,0.07847944,1.354e-05,z_gal,59219.40582423859,0.000922959549986,1.049093994805852,-0.0446360746669787,0.1102863540436374,2.719803371230664e-05,0.0821875790384936,0.0267061803978267,-2.970838907317071e-07,-0.003112445336619,0.000149610870102,1.25007589034337e-08,-6.252116630544219e-07,-0.0001506253147322,0.038961731923925,3.1,0.0,0.977800659023247,121.756481,39.707648,snia-cosmo,norm,1.0,1.0,2020adlp,100.0,9.517,0.1049952379872535,ZTF20acyvbhj,1.2539052669675674,wall,18.22204333032477,18.50728832106522,37.82956991833935,0.004048666096239158,-0.12143869286002895,False
ZTF20acyvzbr,0.05455901,2.761e-05,z_gal,59217.55220134344,0.0017138042288466,0.0791122819313523,-0.0795414282848193,0.3060504407949338,5.579564545793198e-05,0.125113016989787,0.0283666911149754,-4.447429125936989e-06,-0.02103136443963,0.0003987473134018,5.120597346855796e-07,-1.2978925050280289e-06,-0.0004481941655232,0.0107854798180595,3.1,0.0,0.2955838253245582,165.60877,45.605113,snia-cosmo,norm,1.0,1.0,2020adld,100.0,9.861,0.1019803902718557,ZTF20acyvzbr,1.5087216493267,wall,17.55009697468372,17.80775112183705,37.00401899368785,0.004274472872815656,0.0045750325633017175,False
ZTF20acyvzef,0.03863953,1.792e-05,z_gal,59216.01423656238,0.0021288025223519,-1.415695765276795,0.029613067119225,0.3636295105898171,8.091271143163912e-05,0.1723034537865337,0.0331227780408851,-1.1435323194417926e-05,-0.0226831478000247,0.0004412520717947,5.008689687523423e-08,-2.0867759481178283e-06,-0.0001389731360977,0.0126728881233008,3.1,0.0,0.4778735398972846,163.559583,46.107783,snia-cosmo,norm,1.0,1.0,2020admd,100.0,10.485,0.1508940025315784,ZTF20acyvzef,1.2869231589990586,wall,17.314661559685845,17.0246636444775,36.23011100639627,0.0047279872537809116,-0.004604457504669868,True
ZTF20acywbes,0.04517269,1.057e-05,z_gal,59218.25847329247,0.0025780071912083,-0.7896391200319812,0.0104253437473811,0.3050715463759843,8.8372345459843e-05,0.1420724887221797,0.0308306830086731,-6.175458031486424e-06,-0.0193577239113993,-0.0007715098552533,-1.6973413545144348e-07,-2.144880929205157e-06,-0.0001373766964647,0.0087261033742098,3.1,0.0,0.771917124694179,164.97259,59.954355,snia-cosmo,norm,1.0,1.0,2020adii,100.0,10.547,0.1546738504078824,ZTF20acywbes,1.2562058858458582,wall,17.106789688851297,16.963921646429938,36.579552266123855,0.004410202141334314,-0.41478771527981506,True
ZTF20acyyavb,0.04809018,2.068e-05,z_gal,59216.97935408935,0.0017124673727137,-0.1350396651125629,0.0027993400717651,0.4355778005083266,7.019384131973802e-05,0.1489446346658114,0.0338766137506778,-1.5849708755694278e-05,-0.0318197736400578,0.0027172543191338,1.2468164928105565e-06,-1.8648947713665155e-06,-0.0009063522334873,0.0202624834211914,3.1,0.0,0.9799949018182972,175.36835,-2.250936,snia-cosmo,norm,1.0,1.0,2020aeth,100.0,10.108,0.105304320899002,ZTF20acyyavb,1.900038685816201,wall,17.550944235698896,17.523360728360668,36.71998719387571,0.005005624047541346,0.004216438899060093,True
ZTF20aczsjzc,0.0771075,1.319e-05,z_gal,59216.79829552598,0.0006954436746961,0.379715902903926,-0.0056489437463012,0.573899114595406,2.693112437635427e-05,0.2532295726886262,0.0308358293373018,-7.472750925410479e-06,-0.1006155387702613,0.0032249886647587,1.2035572073579615e-06,-6.649478107614796e-07,-0.0005887820208862,0.0118117450138504,3.1,0.0,0.1261057065726453,164.793021,42.139905,snia-cosmo,norm,1.0,1.0,2020aejg,100.0,10.184,0.1011187420807834,ZTF20aczsjzc,1.5679473148476295,wall,18.529345096456083,18.600017048476168,37.78923648545502,0.0047928022745125165,0.011623467435249224,True
ZTF20acztnts,0.06817723,1.892e-05,z_gal,59218.80617170966,0.0010789372915416,1.1286346748803922,-0.0561722463226932,0.3114539122834685,3.74998167459251e-05,0.1908107730427156,0.0326316117597999,-3.2102775718251304e-06,-0.0254928337932992,0.0014034832029328,-4.280098174599263e-07,-9.82494933113411e-07,-0.0007863400388565,0.0298747923970567,3.1,0.0,0.7898334780934564,166.494782,7.333802,snia-cosmo,norm,1.0,1.0,2020adqq,100.0,10.494,0.1035808862676893,ZTF20acztnts,1.292382648741845,wall,18.052509490074147,18.38465230815775,37.508591203740295,0.004449014865047931,0.0769040088315579,True
ZTF20adadsgm,0.04370988,1.476e-05,z_gal,59218.75855975687,0.001794356089722,-0.92245869490108,0.0072731539827034,0.0980820179720467,5.466147273696482e-05,0.0588380878605115,0.0271274346523319,-4.20756371256925e-07,-0.002471799247626,-1.286980770184675e-05,8.36379816948316e-08,-1.2859560433617944e-06,-9.208275961694511e-05,0.0490541711165802,3.1,0.0,0.9992866608329553,128.108317,56.464919,snia-cosmo,norm,1.0,1.0,2020admb,100.0,10.689,0.1056219674120871,ZTF20adadsgm,1.6139567747924515,wall,17.500228417645378,17.348537423012846,36.5057906123112,0.004118941331827705,0.043589715115746386,True
